0 verbose cli /usr/local/bin/node /usr/local/lib/node_modules/npm/bin/npm-cli.js
1 info using npm@11.12.0
2 info using node@v22.16.0
3 silly config load:file:/usr/local/lib/node_modules/npm/npmrc
4 silly config load:file:/Users/Holiday_1/Desktop/Growth/Marginalia/.npmrc
5 silly config load:file:/Users/Holiday_1/.npmrc
6 silly config load:file:/usr/local/etc/npmrc
7 verbose title npm exec @gltf-transform/cli inspect assets/3D room/macbook.glb
8 verbose argv "exec" "--" "@gltf-transform/cli" "inspect" "assets/3D room/macbook.glb"
9 verbose logfile logs-max:10 dir:/Users/Holiday_1/Desktop/Growth/Marginalia/.npm-cache/_logs/2026-05-03T07_11_57_979Z-
10 verbose logfile /Users/Holiday_1/Desktop/Growth/Marginalia/.npm-cache/_logs/2026-05-03T07_11_57_979Z-debug-0.log
11 silly logfile done cleaning log files
12 silly packumentCache heap:4345298944 maxSize:1086324736 maxEntrySize:543162368
13 verbose shrinkwrap failed to load node_modules/.package-lock.json out of date, updated: node_modules
14 http fetch GET 200 https://registry.npmjs.org/@gltf-transform%2fcli 1298ms (cache miss)
15 silly packumentCache heap:4345298944 maxSize:1086324736 maxEntrySize:543162368
16 silly packumentCache heap:4345298944 maxSize:1086324736 maxEntrySize:543162368
17 warn exec The following package was not found and will be installed: @gltf-transform/cli@4.3.0
18 silly idealTree buildDeps
19 silly fetch manifest @gltf-transform/cli@4.3.0
20 silly packumentCache full:https://registry.npmjs.org/@gltf-transform%2fcli cache-miss
21 http fetch GET 200 https://registry.npmjs.org/@gltf-transform%2fcli 518ms (cache miss)
22 silly packumentCache full:https://registry.npmjs.org/@gltf-transform%2fcli set size:undefined disposed:false
23 silly placeDep ROOT @gltf-transform/cli@4.3.0 OK for:  want: 4.3.0
24 silly fetch manifest tmp@~0.2.3
25 silly packumentCache full:https://registry.npmjs.org/tmp cache-miss
26 silly fetch manifest sharp@~0.34.2
27 silly packumentCache full:https://registry.npmjs.org/sharp cache-miss
28 silly fetch manifest listr2@~8.3.3
29 silly packumentCache full:https://registry.npmjs.org/listr2 cache-miss
30 silly fetch manifest watlas@^1.0.0
31 silly packumentCache full:https://registry.npmjs.org/watlas cache-miss
32 silly fetch manifest p-limit@~6.2.0
33 silly packumentCache full:https://registry.npmjs.org/p-limit cache-miss
34 silly fetch manifest prompts@^2.4.2
35 silly packumentCache full:https://registry.npmjs.org/prompts cache-miss
36 silly fetch manifest ktx-parse@^1.0.1
37 silly packumentCache full:https://registry.npmjs.org/ktx-parse cache-miss
38 http fetch GET 200 https://registry.npmjs.org/tmp 78ms (cache miss)
39 silly packumentCache full:https://registry.npmjs.org/tmp set size:undefined disposed:false
40 silly fetch manifest @types/tmp@~0.2.6
41 silly packumentCache full:https://registry.npmjs.org/@types%2ftmp cache-miss
42 http fetch GET 200 https://registry.npmjs.org/prompts 244ms (cache miss)
43 silly packumentCache full:https://registry.npmjs.org/prompts set size:undefined disposed:false
44 silly fetch manifest cli-table3@~0.6.5
45 silly packumentCache full:https://registry.npmjs.org/cli-table3 cache-miss
46 http fetch GET 200 https://registry.npmjs.org/p-limit 252ms (cache miss)
47 silly packumentCache full:https://registry.npmjs.org/p-limit set size:undefined disposed:false
48 silly fetch manifest micromatch@~4.0.8
49 silly packumentCache full:https://registry.npmjs.org/micromatch cache-miss
50 http fetch GET 200 https://registry.npmjs.org/sharp 286ms (cache miss)
51 silly packumentCache full:https://registry.npmjs.org/sharp set size:undefined disposed:false
52 silly fetch manifest mikktspace@~1.1.1
53 silly packumentCache full:https://registry.npmjs.org/mikktspace cache-miss
54 http fetch GET 200 https://registry.npmjs.org/cli-table3 69ms (cache miss)
55 silly packumentCache full:https://registry.npmjs.org/cli-table3 set size:undefined disposed:false
56 silly fetch manifest node-fetch@~3.3.2
57 silly packumentCache full:https://registry.npmjs.org/node-fetch cache-miss
58 http fetch GET 200 https://registry.npmjs.org/listr2 348ms (cache miss)
59 silly packumentCache full:https://registry.npmjs.org/listr2 set size:undefined disposed:false
60 silly fetch manifest draco3dgltf@~1.5.7
61 silly packumentCache full:https://registry.npmjs.org/draco3dgltf cache-miss
62 http fetch GET 200 https://registry.npmjs.org/micromatch 103ms (cache miss)
63 silly packumentCache full:https://registry.npmjs.org/micromatch set size:undefined disposed:false
64 silly fetch manifest csv-stringify@~6.5.2
65 silly packumentCache full:https://registry.npmjs.org/csv-stringify cache-miss
66 http fetch GET 200 https://registry.npmjs.org/watlas 393ms (cache miss)
67 silly packumentCache full:https://registry.npmjs.org/watlas set size:undefined disposed:false
68 silly fetch manifest language-tags@^1.0.9
69 silly packumentCache full:https://registry.npmjs.org/language-tags cache-miss
70 http fetch GET 200 https://registry.npmjs.org/ktx-parse 403ms (cache miss)
71 silly packumentCache full:https://registry.npmjs.org/ktx-parse set size:undefined disposed:false
72 silly fetch manifest meshoptimizer@~1.0.1
73 silly packumentCache full:https://registry.npmjs.org/meshoptimizer cache-miss
74 http fetch GET 200 https://registry.npmjs.org/csv-stringify 104ms (cache miss)
75 silly packumentCache full:https://registry.npmjs.org/csv-stringify set size:undefined disposed:false
76 silly fetch manifest @types/prompts@^2.4.9
77 silly packumentCache full:https://registry.npmjs.org/@types%2fprompts cache-miss
78 http fetch GET 200 https://registry.npmjs.org/language-tags 71ms (cache miss)
79 silly packumentCache full:https://registry.npmjs.org/language-tags set size:undefined disposed:false
80 silly fetch manifest gltf-validator@~2.0.0-dev.3.10
81 silly packumentCache full:https://registry.npmjs.org/gltf-validator cache-miss
82 http fetch GET 200 https://registry.npmjs.org/node-fetch 149ms (cache miss)
83 silly packumentCache full:https://registry.npmjs.org/node-fetch set size:undefined disposed:false
84 silly fetch manifest @types/micromatch@~4.0.9
85 silly packumentCache full:https://registry.npmjs.org/@types%2fmicromatch cache-miss
86 http fetch GET 200 https://registry.npmjs.org/meshoptimizer 71ms (cache miss)
87 silly packumentCache full:https://registry.npmjs.org/meshoptimizer set size:undefined disposed:false
88 silly fetch manifest @types/node-fetch@~2.6.12
89 silly packumentCache full:https://registry.npmjs.org/@types%2fnode-fetch cache-miss
90 http fetch GET 200 https://registry.npmjs.org/mikktspace 243ms (cache miss)
91 silly packumentCache full:https://registry.npmjs.org/mikktspace set size:undefined disposed:false
92 silly fetch manifest keyframe-resample@~0.1.0
93 silly packumentCache full:https://registry.npmjs.org/keyframe-resample cache-miss
94 http fetch GET 200 https://registry.npmjs.org/@types%2fprompts 92ms (cache miss)
95 silly packumentCache full:https://registry.npmjs.org/@types%2fprompts set size:undefined disposed:false
96 silly fetch manifest @donmccurdy/caporal@~0.0.10
97 silly packumentCache full:https://registry.npmjs.org/@donmccurdy%2fcaporal cache-miss
98 http fetch GET 200 https://registry.npmjs.org/draco3dgltf 250ms (cache miss)
99 silly packumentCache full:https://registry.npmjs.org/draco3dgltf set size:undefined disposed:false
100 silly fetch manifest @gltf-transform/core@^4.3.0
101 silly packumentCache full:https://registry.npmjs.org/@gltf-transform%2fcore cache-miss
102 http fetch GET 200 https://registry.npmjs.org/@types%2ftmp 602ms (cache miss)
103 silly packumentCache full:https://registry.npmjs.org/@types%2ftmp set size:undefined disposed:false
104 silly fetch manifest @types/language-tags@~1.0.4
105 silly packumentCache full:https://registry.npmjs.org/@types%2flanguage-tags cache-miss
106 http fetch GET 200 https://registry.npmjs.org/gltf-validator 254ms (cache miss)
107 silly packumentCache full:https://registry.npmjs.org/gltf-validator set size:undefined disposed:false
108 silly fetch manifest @gltf-transform/functions@^4.3.0
109 silly packumentCache full:https://registry.npmjs.org/@gltf-transform%2ffunctions cache-miss
110 http fetch GET 200 https://registry.npmjs.org/keyframe-resample 243ms (cache miss)
111 silly packumentCache full:https://registry.npmjs.org/keyframe-resample set size:undefined disposed:false
112 silly fetch manifest @gltf-transform/extensions@^4.3.0
113 silly packumentCache full:https://registry.npmjs.org/@gltf-transform%2fextensions cache-miss
114 http fetch GET 200 https://registry.npmjs.org/@types%2fmicromatch 434ms (cache miss)
115 silly packumentCache full:https://registry.npmjs.org/@types%2fmicromatch set size:undefined disposed:false
116 http fetch GET 200 https://registry.npmjs.org/@types%2flanguage-tags 435ms (cache miss)
117 silly packumentCache full:https://registry.npmjs.org/@types%2flanguage-tags set size:undefined disposed:false
118 http fetch GET 200 https://registry.npmjs.org/@donmccurdy%2fcaporal 646ms (cache miss)
119 silly packumentCache full:https://registry.npmjs.org/@donmccurdy%2fcaporal set size:undefined disposed:false
120 http fetch GET 200 https://registry.npmjs.org/@types%2fnode-fetch 745ms (cache miss)
121 silly packumentCache full:https://registry.npmjs.org/@types%2fnode-fetch set size:undefined disposed:false
122 http fetch GET 200 https://registry.npmjs.org/@gltf-transform%2fcore 648ms (cache miss)
123 silly packumentCache full:https://registry.npmjs.org/@gltf-transform%2fcore set size:undefined disposed:false
124 http fetch GET 200 https://registry.npmjs.org/@gltf-transform%2ffunctions 636ms (cache miss)
125 silly packumentCache full:https://registry.npmjs.org/@gltf-transform%2ffunctions set size:undefined disposed:false
126 http fetch GET 200 https://registry.npmjs.org/@gltf-transform%2fextensions 687ms (cache miss)
127 silly packumentCache full:https://registry.npmjs.org/@gltf-transform%2fextensions set size:undefined disposed:false
128 silly placeDep ROOT @donmccurdy/caporal@0.0.10 OK for: @gltf-transform/cli@4.3.0 want: ~0.0.10
129 silly placeDep ROOT @gltf-transform/core@4.3.0 OK for: @gltf-transform/cli@4.3.0 want: ^4.3.0
130 silly placeDep ROOT @gltf-transform/extensions@4.3.0 OK for: @gltf-transform/cli@4.3.0 want: ^4.3.0
131 silly placeDep ROOT @gltf-transform/functions@4.3.0 OK for: @gltf-transform/cli@4.3.0 want: ^4.3.0
132 silly placeDep ROOT @types/language-tags@1.0.4 OK for: @gltf-transform/cli@4.3.0 want: ~1.0.4
133 silly placeDep ROOT @types/micromatch@4.0.10 OK for: @gltf-transform/cli@4.3.0 want: ~4.0.9
134 silly placeDep ROOT @types/node-fetch@2.6.13 OK for: @gltf-transform/cli@4.3.0 want: ~2.6.12
135 silly placeDep ROOT @types/prompts@2.4.9 OK for: @gltf-transform/cli@4.3.0 want: ^2.4.9
136 silly placeDep ROOT @types/tmp@0.2.6 OK for: @gltf-transform/cli@4.3.0 want: ~0.2.6
137 silly placeDep ROOT cli-table3@0.6.5 OK for: @gltf-transform/cli@4.3.0 want: ~0.6.5
138 silly placeDep ROOT csv-stringify@6.5.2 OK for: @gltf-transform/cli@4.3.0 want: ~6.5.2
139 silly placeDep ROOT draco3dgltf@1.5.7 OK for: @gltf-transform/cli@4.3.0 want: ~1.5.7
140 silly placeDep ROOT gltf-validator@2.0.0-dev.3.10 OK for: @gltf-transform/cli@4.3.0 want: ~2.0.0-dev.3.10
141 silly placeDep ROOT keyframe-resample@0.1.0 OK for: @gltf-transform/cli@4.3.0 want: ~0.1.0
142 silly placeDep ROOT ktx-parse@1.1.0 OK for: @gltf-transform/cli@4.3.0 want: ^1.0.1
143 silly placeDep ROOT language-tags@1.0.9 OK for: @gltf-transform/cli@4.3.0 want: ^1.0.9
144 silly placeDep ROOT listr2@8.3.3 OK for: @gltf-transform/cli@4.3.0 want: ~8.3.3
145 silly placeDep ROOT meshoptimizer@1.0.1 OK for: @gltf-transform/cli@4.3.0 want: ~1.0.1
146 silly placeDep ROOT micromatch@4.0.8 OK for: @gltf-transform/cli@4.3.0 want: ~4.0.8
147 silly placeDep ROOT mikktspace@1.1.1 OK for: @gltf-transform/cli@4.3.0 want: ~1.1.1
148 silly placeDep ROOT node-fetch@3.3.2 OK for: @gltf-transform/cli@4.3.0 want: ~3.3.2
149 silly placeDep ROOT p-limit@6.2.0 OK for: @gltf-transform/cli@4.3.0 want: ~6.2.0
150 silly placeDep ROOT prompts@2.4.2 OK for: @gltf-transform/cli@4.3.0 want: ^2.4.2
151 silly placeDep ROOT sharp@0.34.5 OK for: @gltf-transform/cli@4.3.0 want: ~0.34.2
152 silly placeDep ROOT tmp@0.2.5 OK for: @gltf-transform/cli@4.3.0 want: ~0.2.3
153 silly placeDep ROOT watlas@1.0.1 OK for: @gltf-transform/cli@4.3.0 want: ^1.0.0
154 silly fetch manifest @types/glob@^8.1.0
155 silly packumentCache full:https://registry.npmjs.org/@types%2fglob cache-miss
156 silly fetch manifest @types/lodash@^4.14.197
157 silly packumentCache full:https://registry.npmjs.org/@types%2flodash cache-miss
158 silly fetch manifest @types/node@20.5.6
159 silly packumentCache full:https://registry.npmjs.org/@types%2fnode cache-miss
160 silly fetch manifest @types/table@5.0.0
161 silly packumentCache full:https://registry.npmjs.org/@types%2ftable cache-miss
162 silly fetch manifest @types/wrap-ansi@^8.0.1
163 silly packumentCache full:https://registry.npmjs.org/@types%2fwrap-ansi cache-miss
164 silly fetch manifest chalk@3.0.0
165 silly packumentCache full:https://registry.npmjs.org/chalk cache-miss
166 silly fetch manifest glob@^10.3.3
167 silly packumentCache full:https://registry.npmjs.org/glob cache-miss
168 http fetch GET 200 https://registry.npmjs.org/chalk 74ms (cache miss)
169 silly packumentCache full:https://registry.npmjs.org/chalk set size:undefined disposed:false
170 silly fetch manifest lodash@^4.17.21
171 silly packumentCache full:https://registry.npmjs.org/lodash cache-miss
172 http fetch GET 200 https://registry.npmjs.org/glob 86ms (cache miss)
173 silly packumentCache full:https://registry.npmjs.org/glob set size:undefined disposed:false
174 silly fetch manifest table@5.4.6
175 silly packumentCache full:https://registry.npmjs.org/table cache-miss
176 http fetch GET 200 https://registry.npmjs.org/@types%2flodash 116ms (cache miss)
177 silly packumentCache full:https://registry.npmjs.org/@types%2flodash set size:undefined disposed:false
178 silly fetch manifest winston@3.10.0
179 silly packumentCache full:https://registry.npmjs.org/winston cache-miss
180 http fetch GET 200 https://registry.npmjs.org/lodash 81ms (cache miss)
181 silly packumentCache full:https://registry.npmjs.org/lodash set size:undefined disposed:false
182 silly fetch manifest wrap-ansi@^8.1.0
183 silly packumentCache full:https://registry.npmjs.org/wrap-ansi cache-miss
184 http fetch GET 200 https://registry.npmjs.org/table 85ms (cache miss)
185 silly packumentCache full:https://registry.npmjs.org/table set size:undefined disposed:false
186 silly fetch manifest property-graph@^4.0.0
187 silly packumentCache full:https://registry.npmjs.org/property-graph cache-miss
188 http fetch GET 200 https://registry.npmjs.org/winston 83ms (cache miss)
189 silly packumentCache full:https://registry.npmjs.org/winston set size:undefined disposed:false
190 silly fetch manifest ndarray@^1.0.19
191 silly packumentCache full:https://registry.npmjs.org/ndarray cache-miss
192 http fetch GET 200 https://registry.npmjs.org/wrap-ansi 75ms (cache miss)
193 silly packumentCache full:https://registry.npmjs.org/wrap-ansi set size:undefined disposed:false
194 silly fetch manifest ndarray-pixels@^5.0.1
195 silly packumentCache full:https://registry.npmjs.org/ndarray-pixels cache-miss
196 http fetch GET 200 https://registry.npmjs.org/@types%2fglob 252ms (cache miss)
197 silly packumentCache full:https://registry.npmjs.org/@types%2fglob set size:undefined disposed:false
198 silly fetch manifest ndarray-lanczos@^0.3.0
199 silly packumentCache full:https://registry.npmjs.org/ndarray-lanczos cache-miss
200 http fetch GET 200 https://registry.npmjs.org/@types%2fnode 389ms (cache miss)
201 silly packumentCache full:https://registry.npmjs.org/@types%2fnode set size:undefined disposed:false
202 silly fetch manifest @types/braces@*
203 silly packumentCache full:https://registry.npmjs.org/@types%2fbraces cache-miss
204 http fetch GET 200 https://registry.npmjs.org/@types%2ftable 444ms (cache miss)
205 silly packumentCache full:https://registry.npmjs.org/@types%2ftable set size:undefined disposed:false
206 silly fetch manifest form-data@^4.0.4
207 silly packumentCache full:https://registry.npmjs.org/form-data cache-miss
208 http fetch GET 200 https://registry.npmjs.org/ndarray 244ms (cache miss)
209 silly packumentCache full:https://registry.npmjs.org/ndarray set size:undefined disposed:false
210 silly fetch manifest @types/node@*
211 silly packumentCache full:https://registry.npmjs.org/@types%2fnode cache-miss
212 http cache https://registry.npmjs.org/@types%2fnode 12ms (cache hit)
213 silly packumentCache full:https://registry.npmjs.org/@types%2fnode set size:10972342 disposed:false
214 silly fetch manifest kleur@^3.0.3
215 silly packumentCache full:https://registry.npmjs.org/kleur cache-miss
216 http fetch GET 200 https://registry.npmjs.org/property-graph 324ms (cache miss)
217 silly packumentCache full:https://registry.npmjs.org/property-graph set size:undefined disposed:false
218 silly fetch manifest string-width@^4.2.0
219 silly packumentCache full:https://registry.npmjs.org/string-width cache-miss
220 http fetch GET 200 https://registry.npmjs.org/form-data 71ms (cache miss)
221 silly packumentCache full:https://registry.npmjs.org/form-data set size:undefined disposed:false
222 silly fetch manifest @colors/colors@1.5.0
223 silly packumentCache full:https://registry.npmjs.org/@colors%2fcolors cache-miss
224 http fetch GET 200 https://registry.npmjs.org/@types%2fbraces 90ms (cache miss)
225 silly packumentCache full:https://registry.npmjs.org/@types%2fbraces set size:undefined disposed:false
226 silly fetch manifest language-subtag-registry@^0.3.20
227 silly packumentCache full:https://registry.npmjs.org/language-subtag-registry cache-miss
228 http fetch GET 200 https://registry.npmjs.org/ndarray-lanczos 284ms (cache miss)
229 silly packumentCache full:https://registry.npmjs.org/ndarray-lanczos set size:undefined disposed:false
230 silly fetch manifest rfdc@^1.4.1
231 silly packumentCache full:https://registry.npmjs.org/rfdc cache-miss
232 http fetch GET 200 https://registry.npmjs.org/kleur 67ms (cache miss)
233 silly packumentCache full:https://registry.npmjs.org/kleur set size:undefined disposed:false
234 silly fetch manifest colorette@^2.0.20
235 silly packumentCache full:https://registry.npmjs.org/colorette cache-miss
236 http fetch GET 200 https://registry.npmjs.org/string-width 69ms (cache miss)
237 silly packumentCache full:https://registry.npmjs.org/string-width set size:undefined disposed:false
238 silly fetch manifest wrap-ansi@^9.0.0
239 silly packumentCache full:https://registry.npmjs.org/wrap-ansi cache-miss
240 http cache https://registry.npmjs.org/wrap-ansi 1ms (cache hit)
241 silly packumentCache full:https://registry.npmjs.org/wrap-ansi set size:55299 disposed:false
242 silly fetch manifest log-update@^6.1.0
243 silly packumentCache full:https://registry.npmjs.org/log-update cache-miss
244 http fetch GET 200 https://registry.npmjs.org/@colors%2fcolors 76ms (cache miss)
245 silly packumentCache full:https://registry.npmjs.org/@colors%2fcolors set size:undefined disposed:false
246 silly fetch manifest cli-truncate@^4.0.0
247 silly packumentCache full:https://registry.npmjs.org/cli-truncate cache-miss
248 http fetch GET 200 https://registry.npmjs.org/language-subtag-registry 74ms (cache miss)
249 silly packumentCache full:https://registry.npmjs.org/language-subtag-registry set size:undefined disposed:false
250 silly fetch manifest eventemitter3@^5.0.1
251 silly packumentCache full:https://registry.npmjs.org/eventemitter3 cache-miss
252 http fetch GET 200 https://registry.npmjs.org/@types%2fwrap-ansi 603ms (cache miss)
253 silly packumentCache full:https://registry.npmjs.org/@types%2fwrap-ansi set size:undefined disposed:false
254 silly fetch manifest braces@^3.0.3
255 silly packumentCache full:https://registry.npmjs.org/braces cache-miss
256 http fetch GET 200 https://registry.npmjs.org/rfdc 70ms (cache miss)
257 silly packumentCache full:https://registry.npmjs.org/rfdc set size:undefined disposed:false
258 silly fetch manifest picomatch@^2.3.1
259 silly packumentCache full:https://registry.npmjs.org/picomatch cache-miss
260 http fetch GET 200 https://registry.npmjs.org/colorette 76ms (cache miss)
261 silly packumentCache full:https://registry.npmjs.org/colorette set size:undefined disposed:false
262 silly fetch manifest data-uri-to-buffer@^4.0.0
263 silly packumentCache full:https://registry.npmjs.org/data-uri-to-buffer cache-miss
264 http fetch GET 200 https://registry.npmjs.org/log-update 85ms (cache miss)
265 silly packumentCache full:https://registry.npmjs.org/log-update set size:undefined disposed:false
266 silly fetch manifest fetch-blob@^3.1.4
267 silly packumentCache full:https://registry.npmjs.org/fetch-blob cache-miss
268 http fetch GET 200 https://registry.npmjs.org/cli-truncate 69ms (cache miss)
269 silly packumentCache full:https://registry.npmjs.org/cli-truncate set size:undefined disposed:false
270 silly fetch manifest formdata-polyfill@^4.0.10
271 silly packumentCache full:https://registry.npmjs.org/formdata-polyfill cache-miss
272 http fetch GET 200 https://registry.npmjs.org/eventemitter3 78ms (cache miss)
273 silly packumentCache full:https://registry.npmjs.org/eventemitter3 set size:undefined disposed:false
274 silly fetch manifest yocto-queue@^1.1.1
275 silly packumentCache full:https://registry.npmjs.org/yocto-queue cache-miss
276 http fetch GET 200 https://registry.npmjs.org/braces 77ms (cache miss)
277 silly packumentCache full:https://registry.npmjs.org/braces set size:undefined disposed:false
278 silly fetch manifest sisteransi@^1.0.5
279 silly packumentCache full:https://registry.npmjs.org/sisteransi cache-miss
280 http fetch GET 200 https://registry.npmjs.org/picomatch 76ms (cache miss)
281 silly packumentCache full:https://registry.npmjs.org/picomatch set size:undefined disposed:false
282 silly fetch manifest semver@^7.7.3
283 silly packumentCache full:https://registry.npmjs.org/semver cache-miss
284 http fetch GET 200 https://registry.npmjs.org/data-uri-to-buffer 71ms (cache miss)
285 silly packumentCache full:https://registry.npmjs.org/data-uri-to-buffer set size:undefined disposed:false
286 silly fetch manifest @img/colour@^1.0.0
287 silly packumentCache full:https://registry.npmjs.org/@img%2fcolour cache-miss
288 http fetch GET 200 https://registry.npmjs.org/fetch-blob 81ms (cache miss)
289 silly packumentCache full:https://registry.npmjs.org/fetch-blob set size:undefined disposed:false
290 silly fetch manifest detect-libc@^2.1.2
291 silly packumentCache full:https://registry.npmjs.org/detect-libc cache-miss
292 http fetch GET 200 https://registry.npmjs.org/formdata-polyfill 80ms (cache miss)
293 silly packumentCache full:https://registry.npmjs.org/formdata-polyfill set size:undefined disposed:false
294 silly fetch manifest @img/sharp-wasm32@0.34.5
295 silly packumentCache full:https://registry.npmjs.org/@img%2fsharp-wasm32 cache-miss
296 http fetch GET 200 https://registry.npmjs.org/sisteransi 67ms (cache miss)
297 silly packumentCache full:https://registry.npmjs.org/sisteransi set size:undefined disposed:false
298 silly fetch manifest @img/sharp-linux-arm@0.34.5
299 silly packumentCache full:https://registry.npmjs.org/@img%2fsharp-linux-arm cache-miss
300 http fetch GET 200 https://registry.npmjs.org/yocto-queue 76ms (cache miss)
301 silly packumentCache full:https://registry.npmjs.org/yocto-queue set size:undefined disposed:false
302 silly fetch manifest @img/sharp-linux-x64@0.34.5
303 silly packumentCache full:https://registry.npmjs.org/@img%2fsharp-linux-x64 cache-miss
304 http fetch GET 200 https://registry.npmjs.org/semver 85ms (cache miss)
305 silly packumentCache full:https://registry.npmjs.org/semver set size:undefined disposed:false
306 silly fetch manifest @img/sharp-win32-x64@0.34.5
307 silly packumentCache full:https://registry.npmjs.org/@img%2fsharp-win32-x64 cache-miss
308 http fetch GET 200 https://registry.npmjs.org/@img%2fcolour 96ms (cache miss)
309 silly packumentCache full:https://registry.npmjs.org/@img%2fcolour set size:undefined disposed:false
310 silly fetch manifest @img/sharp-darwin-x64@0.34.5
311 silly packumentCache full:https://registry.npmjs.org/@img%2fsharp-darwin-x64 cache-miss
312 http fetch GET 200 https://registry.npmjs.org/detect-libc 71ms (cache miss)
313 silly packumentCache full:https://registry.npmjs.org/detect-libc set size:undefined disposed:false
314 silly fetch manifest @img/sharp-win32-ia32@0.34.5
315 silly packumentCache full:https://registry.npmjs.org/@img%2fsharp-win32-ia32 cache-miss
316 http fetch GET 200 https://registry.npmjs.org/@img%2fsharp-wasm32 78ms (cache miss)
317 silly packumentCache full:https://registry.npmjs.org/@img%2fsharp-wasm32 set size:undefined disposed:false
318 silly fetch manifest @img/sharp-linux-arm64@0.34.5
319 silly packumentCache full:https://registry.npmjs.org/@img%2fsharp-linux-arm64 cache-miss
320 http fetch GET 200 https://registry.npmjs.org/@img%2fsharp-linux-x64 96ms (cache miss)
321 silly packumentCache full:https://registry.npmjs.org/@img%2fsharp-linux-x64 set size:undefined disposed:false
322 silly fetch manifest @img/sharp-linux-ppc64@0.34.5
323 silly packumentCache full:https://registry.npmjs.org/@img%2fsharp-linux-ppc64 cache-miss
324 http fetch GET 200 https://registry.npmjs.org/@img%2fsharp-linux-arm 102ms (cache miss)
325 silly packumentCache full:https://registry.npmjs.org/@img%2fsharp-linux-arm set size:undefined disposed:false
326 silly fetch manifest @img/sharp-linux-s390x@0.34.5
327 silly packumentCache full:https://registry.npmjs.org/@img%2fsharp-linux-s390x cache-miss
328 http fetch GET 200 https://registry.npmjs.org/@img%2fsharp-win32-x64 101ms (cache miss)
329 silly packumentCache full:https://registry.npmjs.org/@img%2fsharp-win32-x64 set size:undefined disposed:false
330 silly fetch manifest @img/sharp-win32-arm64@0.34.5
331 silly packumentCache full:https://registry.npmjs.org/@img%2fsharp-win32-arm64 cache-miss
332 http fetch GET 200 https://registry.npmjs.org/@img%2fsharp-darwin-x64 82ms (cache miss)
333 silly packumentCache full:https://registry.npmjs.org/@img%2fsharp-darwin-x64 set size:undefined disposed:false
334 silly fetch manifest @img/sharp-darwin-arm64@0.34.5
335 silly packumentCache full:https://registry.npmjs.org/@img%2fsharp-darwin-arm64 cache-miss
336 http fetch GET 200 https://registry.npmjs.org/@img%2fsharp-win32-ia32 84ms (cache miss)
337 silly packumentCache full:https://registry.npmjs.org/@img%2fsharp-win32-ia32 set size:undefined disposed:false
338 silly fetch manifest @img/sharp-linux-riscv64@0.34.5
339 silly packumentCache full:https://registry.npmjs.org/@img%2fsharp-linux-riscv64 cache-miss
340 http fetch GET 200 https://registry.npmjs.org/@img%2fsharp-linux-arm64 85ms (cache miss)
341 silly packumentCache full:https://registry.npmjs.org/@img%2fsharp-linux-arm64 set size:undefined disposed:false
342 silly fetch manifest @img/sharp-linuxmusl-x64@0.34.5
343 silly packumentCache full:https://registry.npmjs.org/@img%2fsharp-linuxmusl-x64 cache-miss
344 http fetch GET 200 https://registry.npmjs.org/@img%2fsharp-linux-ppc64 91ms (cache miss)
345 silly packumentCache full:https://registry.npmjs.org/@img%2fsharp-linux-ppc64 set size:undefined disposed:false
346 silly fetch manifest @img/sharp-linuxmusl-arm64@0.34.5
347 silly packumentCache full:https://registry.npmjs.org/@img%2fsharp-linuxmusl-arm64 cache-miss
348 http fetch GET 200 https://registry.npmjs.org/@img%2fsharp-linux-s390x 94ms (cache miss)
349 silly packumentCache full:https://registry.npmjs.org/@img%2fsharp-linux-s390x set size:undefined disposed:false
350 silly fetch manifest @img/sharp-libvips-linux-arm@1.2.4
351 silly packumentCache full:https://registry.npmjs.org/@img%2fsharp-libvips-linux-arm cache-miss
352 http fetch GET 200 https://registry.npmjs.org/@img%2fsharp-win32-arm64 93ms (cache miss)
353 silly packumentCache full:https://registry.npmjs.org/@img%2fsharp-win32-arm64 set size:undefined disposed:false
354 silly fetch manifest @img/sharp-libvips-linux-x64@1.2.4
355 silly packumentCache full:https://registry.npmjs.org/@img%2fsharp-libvips-linux-x64 cache-miss
356 http fetch GET 200 https://registry.npmjs.org/@img%2fsharp-darwin-arm64 86ms (cache miss)
357 silly packumentCache full:https://registry.npmjs.org/@img%2fsharp-darwin-arm64 set size:undefined disposed:false
358 silly fetch manifest @img/sharp-libvips-darwin-x64@1.2.4
359 silly packumentCache full:https://registry.npmjs.org/@img%2fsharp-libvips-darwin-x64 cache-miss
360 http fetch GET 200 https://registry.npmjs.org/@img%2fsharp-linux-riscv64 98ms (cache miss)
361 silly packumentCache full:https://registry.npmjs.org/@img%2fsharp-linux-riscv64 set size:undefined disposed:false
362 silly fetch manifest @img/sharp-libvips-linux-arm64@1.2.4
363 silly packumentCache full:https://registry.npmjs.org/@img%2fsharp-libvips-linux-arm64 cache-miss
364 http fetch GET 200 https://registry.npmjs.org/@img%2fsharp-linuxmusl-x64 88ms (cache miss)
365 silly packumentCache full:https://registry.npmjs.org/@img%2fsharp-linuxmusl-x64 set size:undefined disposed:false
366 silly fetch manifest @img/sharp-libvips-linux-ppc64@1.2.4
367 silly packumentCache full:https://registry.npmjs.org/@img%2fsharp-libvips-linux-ppc64 cache-miss
368 http fetch GET 200 https://registry.npmjs.org/@img%2fsharp-linuxmusl-arm64 102ms (cache miss)
369 silly packumentCache full:https://registry.npmjs.org/@img%2fsharp-linuxmusl-arm64 set size:undefined disposed:false
370 silly fetch manifest @img/sharp-libvips-linux-s390x@1.2.4
371 silly packumentCache full:https://registry.npmjs.org/@img%2fsharp-libvips-linux-s390x cache-miss
372 http fetch GET 200 https://registry.npmjs.org/@img%2fsharp-libvips-linux-arm 98ms (cache miss)
373 silly packumentCache full:https://registry.npmjs.org/@img%2fsharp-libvips-linux-arm set size:undefined disposed:false
374 silly fetch manifest @img/sharp-libvips-darwin-arm64@1.2.4
375 silly packumentCache full:https://registry.npmjs.org/@img%2fsharp-libvips-darwin-arm64 cache-miss
376 http fetch GET 200 https://registry.npmjs.org/@img%2fsharp-libvips-linux-x64 93ms (cache miss)
377 silly packumentCache full:https://registry.npmjs.org/@img%2fsharp-libvips-linux-x64 set size:undefined disposed:false
378 silly fetch manifest @img/sharp-libvips-linux-riscv64@1.2.4
379 silly packumentCache full:https://registry.npmjs.org/@img%2fsharp-libvips-linux-riscv64 cache-miss
380 http fetch GET 200 https://registry.npmjs.org/@img%2fsharp-libvips-darwin-x64 86ms (cache miss)
381 silly packumentCache full:https://registry.npmjs.org/@img%2fsharp-libvips-darwin-x64 set size:undefined disposed:false
382 silly fetch manifest @img/sharp-libvips-linuxmusl-x64@1.2.4
383 silly packumentCache full:https://registry.npmjs.org/@img%2fsharp-libvips-linuxmusl-x64 cache-miss
384 http fetch GET 200 https://registry.npmjs.org/@img%2fsharp-libvips-linux-arm64 82ms (cache miss)
385 silly packumentCache full:https://registry.npmjs.org/@img%2fsharp-libvips-linux-arm64 set size:undefined disposed:false
386 silly fetch manifest @img/sharp-libvips-linuxmusl-arm64@1.2.4
387 silly packumentCache full:https://registry.npmjs.org/@img%2fsharp-libvips-linuxmusl-arm64 cache-miss
388 http fetch GET 200 https://registry.npmjs.org/ndarray-pixels 842ms (cache miss)
389 silly packumentCache full:https://registry.npmjs.org/ndarray-pixels set size:undefined disposed:false
390 http fetch GET 200 https://registry.npmjs.org/@img%2fsharp-libvips-linux-ppc64 82ms (cache miss)
391 silly packumentCache full:https://registry.npmjs.org/@img%2fsharp-libvips-linux-ppc64 set size:undefined disposed:false
392 http fetch GET 200 https://registry.npmjs.org/@img%2fsharp-libvips-linux-riscv64 85ms (cache miss)
393 silly packumentCache full:https://registry.npmjs.org/@img%2fsharp-libvips-linux-riscv64 set size:undefined disposed:false
394 http fetch GET 200 https://registry.npmjs.org/@img%2fsharp-libvips-darwin-arm64 107ms (cache miss)
395 silly packumentCache full:https://registry.npmjs.org/@img%2fsharp-libvips-darwin-arm64 set size:undefined disposed:false
396 http fetch GET 200 https://registry.npmjs.org/@img%2fsharp-libvips-linux-s390x 111ms (cache miss)
397 silly packumentCache full:https://registry.npmjs.org/@img%2fsharp-libvips-linux-s390x set size:undefined disposed:false
398 http fetch GET 200 https://registry.npmjs.org/@img%2fsharp-libvips-linuxmusl-x64 87ms (cache miss)
399 silly packumentCache full:https://registry.npmjs.org/@img%2fsharp-libvips-linuxmusl-x64 set size:undefined disposed:false
400 http fetch GET 200 https://registry.npmjs.org/@img%2fsharp-libvips-linuxmusl-arm64 88ms (cache miss)
401 silly packumentCache full:https://registry.npmjs.org/@img%2fsharp-libvips-linuxmusl-arm64 set size:undefined disposed:false
402 silly placeDep ROOT @types/glob@8.1.0 OK for: @donmccurdy/caporal@0.0.10 want: ^8.1.0
403 silly placeDep ROOT @types/lodash@4.17.24 OK for: @donmccurdy/caporal@0.0.10 want: ^4.14.197
404 silly placeDep ROOT @types/node@20.5.6 OK for: @donmccurdy/caporal@0.0.10 want: 20.5.6
405 silly placeDep ROOT @types/table@5.0.0 OK for: @donmccurdy/caporal@0.0.10 want: 5.0.0
406 silly placeDep ROOT @types/wrap-ansi@8.0.2 OK for: @donmccurdy/caporal@0.0.10 want: ^8.0.1
407 silly placeDep ROOT chalk@3.0.0 OK for: @donmccurdy/caporal@0.0.10 want: 3.0.0
408 silly placeDep ROOT glob@10.5.0 OK for: @donmccurdy/caporal@0.0.10 want: ^10.3.3
409 silly placeDep ROOT lodash@4.18.1 OK for: @donmccurdy/caporal@0.0.10 want: ^4.17.21
410 silly placeDep ROOT table@5.4.6 OK for: @donmccurdy/caporal@0.0.10 want: 5.4.6
411 silly placeDep ROOT winston@3.10.0 OK for: @donmccurdy/caporal@0.0.10 want: 3.10.0
412 silly placeDep ROOT wrap-ansi@8.1.0 OK for: @donmccurdy/caporal@0.0.10 want: ^8.1.0
413 silly fetch manifest @types/minimatch@^5.1.2
414 silly packumentCache full:https://registry.npmjs.org/@types%2fminimatch cache-miss
415 silly fetch manifest ansi-styles@^4.1.0
416 silly packumentCache full:https://registry.npmjs.org/ansi-styles cache-miss
417 silly fetch manifest supports-color@^7.1.0
418 silly packumentCache full:https://registry.npmjs.org/supports-color cache-miss
419 silly fetch manifest minipass@^7.1.2
420 silly packumentCache full:https://registry.npmjs.org/minipass cache-miss
421 silly fetch manifest jackspeak@^3.1.2
422 silly packumentCache full:https://registry.npmjs.org/jackspeak cache-miss
423 silly fetch manifest minimatch@^9.0.4
424 silly packumentCache full:https://registry.npmjs.org/minimatch cache-miss
425 silly fetch manifest path-scurry@^1.11.1
426 silly packumentCache full:https://registry.npmjs.org/path-scurry cache-miss
427 http fetch GET 200 https://registry.npmjs.org/path-scurry 73ms (cache miss)
428 silly packumentCache full:https://registry.npmjs.org/path-scurry set size:undefined disposed:false
429 silly fetch manifest foreground-child@^3.1.0
430 silly packumentCache full:https://registry.npmjs.org/foreground-child cache-miss
431 http fetch GET 200 https://registry.npmjs.org/supports-color 84ms (cache miss)
432 silly packumentCache full:https://registry.npmjs.org/supports-color set size:undefined disposed:false
433 silly fetch manifest package-json-from-dist@^1.0.0
434 silly packumentCache full:https://registry.npmjs.org/package-json-from-dist cache-miss
435 http fetch GET 200 https://registry.npmjs.org/ansi-styles 89ms (cache miss)
436 silly packumentCache full:https://registry.npmjs.org/ansi-styles set size:undefined disposed:false
437 silly fetch manifest ajv@^6.10.2
438 silly packumentCache full:https://registry.npmjs.org/ajv cache-miss
439 http fetch GET 200 https://registry.npmjs.org/@types%2fminimatch 94ms (cache miss)
440 silly packumentCache full:https://registry.npmjs.org/@types%2fminimatch set size:undefined disposed:false
441 silly fetch manifest slice-ansi@^2.1.0
442 silly packumentCache full:https://registry.npmjs.org/slice-ansi cache-miss
443 http fetch GET 200 https://registry.npmjs.org/jackspeak 94ms (cache miss)
444 silly packumentCache full:https://registry.npmjs.org/jackspeak set size:undefined disposed:false
445 silly fetch manifest string-width@^3.0.0
446 silly packumentCache full:https://registry.npmjs.org/string-width cache-miss
447 http fetch GET 200 https://registry.npmjs.org/minipass 96ms (cache miss)
448 silly packumentCache full:https://registry.npmjs.org/minipass set size:undefined disposed:false
449 silly fetch manifest async@^3.2.3
450 silly packumentCache full:https://registry.npmjs.org/async cache-miss
451 http cache https://registry.npmjs.org/string-width 5ms (cache hit)
452 silly packumentCache full:https://registry.npmjs.org/string-width set size:70381 disposed:false
453 silly fetch manifest logform@^2.4.0
454 silly packumentCache full:https://registry.npmjs.org/logform cache-miss
455 http fetch GET 200 https://registry.npmjs.org/minimatch 102ms (cache miss)
456 silly packumentCache full:https://registry.npmjs.org/minimatch set size:undefined disposed:false
457 silly fetch manifest one-time@^1.0.0
458 silly packumentCache full:https://registry.npmjs.org/one-time cache-miss
459 http fetch GET 200 https://registry.npmjs.org/foreground-child 70ms (cache miss)
460 silly packumentCache full:https://registry.npmjs.org/foreground-child set size:undefined disposed:false
461 silly fetch manifest is-stream@^2.0.0
462 silly packumentCache full:https://registry.npmjs.org/is-stream cache-miss
463 http fetch GET 200 https://registry.npmjs.org/package-json-from-dist 66ms (cache miss)
464 silly packumentCache full:https://registry.npmjs.org/package-json-from-dist set size:undefined disposed:false
465 silly fetch manifest stack-trace@0.0.x
466 silly packumentCache full:https://registry.npmjs.org/stack-trace cache-miss
467 http fetch GET 200 https://registry.npmjs.org/slice-ansi 68ms (cache miss)
468 silly packumentCache full:https://registry.npmjs.org/slice-ansi set size:undefined disposed:false
469 silly fetch manifest triple-beam@^1.3.0
470 silly packumentCache full:https://registry.npmjs.org/triple-beam cache-miss
471 http fetch GET 200 https://registry.npmjs.org/one-time 72ms (cache miss)
472 silly packumentCache full:https://registry.npmjs.org/one-time set size:undefined disposed:false
473 silly fetch manifest readable-stream@^3.4.0
474 silly packumentCache full:https://registry.npmjs.org/readable-stream cache-miss
475 http fetch GET 200 https://registry.npmjs.org/logform 79ms (cache miss)
476 silly packumentCache full:https://registry.npmjs.org/logform set size:undefined disposed:false
477 silly fetch manifest @dabh/diagnostics@^2.0.2
478 silly packumentCache full:https://registry.npmjs.org/@dabh%2fdiagnostics cache-miss
479 http fetch GET 200 https://registry.npmjs.org/async 87ms (cache miss)
480 silly packumentCache full:https://registry.npmjs.org/async set size:undefined disposed:false
481 silly fetch manifest winston-transport@^4.5.0
482 silly packumentCache full:https://registry.npmjs.org/winston-transport cache-miss
483 http fetch GET 200 https://registry.npmjs.org/ajv 117ms (cache miss)
484 silly packumentCache full:https://registry.npmjs.org/ajv set size:undefined disposed:false
485 silly fetch manifest safe-stable-stringify@^2.3.1
486 silly packumentCache full:https://registry.npmjs.org/safe-stable-stringify cache-miss
487 http fetch GET 200 https://registry.npmjs.org/is-stream 67ms (cache miss)
488 silly packumentCache full:https://registry.npmjs.org/is-stream set size:undefined disposed:false
489 silly fetch manifest strip-ansi@^7.0.1
490 silly packumentCache full:https://registry.npmjs.org/strip-ansi cache-miss
491 http fetch GET 200 https://registry.npmjs.org/stack-trace 68ms (cache miss)
492 silly packumentCache full:https://registry.npmjs.org/stack-trace set size:undefined disposed:false
493 silly fetch manifest ansi-styles@^6.1.0
494 silly packumentCache full:https://registry.npmjs.org/ansi-styles cache-miss
495 http cache https://registry.npmjs.org/ansi-styles 1ms (cache hit)
496 silly packumentCache full:https://registry.npmjs.org/ansi-styles set size:63233 disposed:false
497 silly fetch manifest string-width@^5.0.1
498 silly packumentCache full:https://registry.npmjs.org/string-width cache-hit
499 http fetch GET 200 https://registry.npmjs.org/triple-beam 65ms (cache miss)
500 silly packumentCache full:https://registry.npmjs.org/triple-beam set size:undefined disposed:false
501 http fetch GET 200 https://registry.npmjs.org/readable-stream 82ms (cache miss)
502 silly packumentCache full:https://registry.npmjs.org/readable-stream set size:undefined disposed:false
503 http fetch GET 200 https://registry.npmjs.org/winston-transport 73ms (cache miss)
504 silly packumentCache full:https://registry.npmjs.org/winston-transport set size:undefined disposed:false
505 http fetch GET 200 https://registry.npmjs.org/safe-stable-stringify 67ms (cache miss)
506 silly packumentCache full:https://registry.npmjs.org/safe-stable-stringify set size:undefined disposed:false
507 http fetch GET 200 https://registry.npmjs.org/strip-ansi 66ms (cache miss)
508 silly packumentCache full:https://registry.npmjs.org/strip-ansi set size:undefined disposed:false
509 http fetch GET 200 https://registry.npmjs.org/@dabh%2fdiagnostics 98ms (cache miss)
510 silly packumentCache full:https://registry.npmjs.org/@dabh%2fdiagnostics set size:undefined disposed:false
511 silly placeDep ROOT property-graph@4.1.0 OK for: @gltf-transform/core@4.3.0 want: ^4.0.0
512 silly placeDep ROOT ndarray@1.0.19 OK for: @gltf-transform/functions@4.3.0 want: ^1.0.19
513 silly placeDep ROOT ndarray-lanczos@0.3.0 OK for: @gltf-transform/functions@4.3.0 want: ^0.3.0
514 silly placeDep ROOT ndarray-pixels@5.0.1 OK for: @gltf-transform/functions@4.3.0 want: ^5.0.1
515 silly fetch manifest is-buffer@^1.0.2
516 silly packumentCache full:https://registry.npmjs.org/is-buffer cache-miss
517 silly fetch manifest iota-array@^1.0.0
518 silly packumentCache full:https://registry.npmjs.org/iota-array cache-miss
519 silly fetch manifest @types/ndarray@^1.0.11
520 silly packumentCache full:https://registry.npmjs.org/@types%2fndarray cache-miss
521 silly fetch manifest @types/ndarray@^1.0.14
522 silly packumentCache full:https://registry.npmjs.org/@types%2fndarray cache-miss
523 silly fetch manifest ndarray-ops@^1.2.2
524 silly packumentCache full:https://registry.npmjs.org/ndarray-ops cache-miss
525 http fetch GET 200 https://registry.npmjs.org/is-buffer 70ms (cache miss)
526 silly packumentCache full:https://registry.npmjs.org/is-buffer set size:undefined disposed:false
527 http fetch GET 200 https://registry.npmjs.org/iota-array 74ms (cache miss)
528 silly packumentCache full:https://registry.npmjs.org/iota-array set size:undefined disposed:false
529 http fetch GET 200 https://registry.npmjs.org/ndarray-ops 240ms (cache miss)
530 silly packumentCache full:https://registry.npmjs.org/ndarray-ops set size:undefined disposed:false
531 http fetch GET 200 https://registry.npmjs.org/@types%2fndarray 439ms (cache miss)
532 silly packumentCache full:https://registry.npmjs.org/@types%2fndarray set size:undefined disposed:false
533 http fetch GET 200 https://registry.npmjs.org/@types%2fndarray 439ms (cache miss)
534 silly packumentCache full:https://registry.npmjs.org/@types%2fndarray set size:undefined disposed:false
535 silly placeDep ROOT @types/minimatch@5.1.2 OK for: @types/glob@8.1.0 want: ^5.1.2
536 silly placeDep ROOT @types/braces@3.0.5 OK for: @types/micromatch@4.0.10 want: *
537 silly placeDep ROOT form-data@4.0.5 OK for: @types/node-fetch@2.6.13 want: ^4.0.4
538 silly fetch manifest asynckit@^0.4.0
539 silly packumentCache full:https://registry.npmjs.org/asynckit cache-miss
540 silly fetch manifest combined-stream@^1.0.8
541 silly packumentCache full:https://registry.npmjs.org/combined-stream cache-miss
542 silly fetch manifest es-set-tostringtag@^2.1.0
543 silly packumentCache full:https://registry.npmjs.org/es-set-tostringtag cache-miss
544 silly fetch manifest hasown@^2.0.2
545 silly packumentCache full:https://registry.npmjs.org/hasown cache-miss
546 silly fetch manifest mime-types@^2.1.12
547 silly packumentCache full:https://registry.npmjs.org/mime-types cache-miss
548 http fetch GET 200 https://registry.npmjs.org/hasown 65ms (cache miss)
549 silly packumentCache full:https://registry.npmjs.org/hasown set size:undefined disposed:false
550 http fetch GET 200 https://registry.npmjs.org/asynckit 71ms (cache miss)
551 silly packumentCache full:https://registry.npmjs.org/asynckit set size:undefined disposed:false
552 http fetch GET 200 https://registry.npmjs.org/combined-stream 75ms (cache miss)
553 silly packumentCache full:https://registry.npmjs.org/combined-stream set size:undefined disposed:false
554 http fetch GET 200 https://registry.npmjs.org/es-set-tostringtag 80ms (cache miss)
555 silly packumentCache full:https://registry.npmjs.org/es-set-tostringtag set size:undefined disposed:false
556 http fetch GET 200 https://registry.npmjs.org/mime-types 82ms (cache miss)
557 silly packumentCache full:https://registry.npmjs.org/mime-types set size:undefined disposed:false
558 silly placeDep ROOT kleur@3.0.3 OK for: @types/prompts@2.4.9 want: ^3.0.3
559 silly placeDep ROOT ansi-styles@4.3.0 OK for: chalk@3.0.0 want: ^4.1.0
560 silly placeDep ROOT supports-color@7.2.0 OK for: chalk@3.0.0 want: ^7.1.0
561 silly fetch manifest color-convert@^2.0.1
562 silly packumentCache full:https://registry.npmjs.org/color-convert cache-miss
563 silly fetch manifest has-flag@^4.0.0
564 silly packumentCache full:https://registry.npmjs.org/has-flag cache-miss
565 http fetch GET 200 https://registry.npmjs.org/has-flag 74ms (cache miss)
566 silly packumentCache full:https://registry.npmjs.org/has-flag set size:undefined disposed:false
567 http fetch GET 200 https://registry.npmjs.org/color-convert 83ms (cache miss)
568 silly packumentCache full:https://registry.npmjs.org/color-convert set size:undefined disposed:false
569 silly placeDep ROOT color-convert@2.0.1 OK for: ansi-styles@4.3.0 want: ^2.0.1
570 silly fetch manifest color-name@~1.1.4
571 silly packumentCache full:https://registry.npmjs.org/color-name cache-miss
572 http fetch GET 200 https://registry.npmjs.org/color-name 67ms (cache miss)
573 silly packumentCache full:https://registry.npmjs.org/color-name set size:undefined disposed:false
574 silly placeDep ROOT @colors/colors@1.5.0 OK for: cli-table3@0.6.5 want: 1.5.0
575 silly placeDep ROOT string-width@4.2.3 OK for: cli-table3@0.6.5 want: ^4.2.0
576 silly fetch manifest strip-ansi@^6.0.1
577 silly packumentCache full:https://registry.npmjs.org/strip-ansi cache-miss
578 silly fetch manifest emoji-regex@^8.0.0
579 silly packumentCache full:https://registry.npmjs.org/emoji-regex cache-miss
580 silly fetch manifest is-fullwidth-code-point@^3.0.0
581 silly packumentCache full:https://registry.npmjs.org/is-fullwidth-code-point cache-miss
582 http cache https://registry.npmjs.org/strip-ansi 4ms (cache hit)
583 silly packumentCache full:https://registry.npmjs.org/strip-ansi set size:44998 disposed:false
584 http fetch GET 200 https://registry.npmjs.org/emoji-regex 67ms (cache miss)
585 silly packumentCache full:https://registry.npmjs.org/emoji-regex set size:undefined disposed:false
586 http fetch GET 200 https://registry.npmjs.org/is-fullwidth-code-point 75ms (cache miss)
587 silly packumentCache full:https://registry.npmjs.org/is-fullwidth-code-point set size:undefined disposed:false
588 silly placeDep ROOT color-name@1.1.4 OK for: color-convert@2.0.1 want: ~1.1.4
589 silly placeDep ROOT asynckit@0.4.0 OK for: form-data@4.0.5 want: ^0.4.0
590 silly placeDep ROOT combined-stream@1.0.8 OK for: form-data@4.0.5 want: ^1.0.8
591 silly placeDep ROOT es-set-tostringtag@2.1.0 OK for: form-data@4.0.5 want: ^2.1.0
592 silly placeDep ROOT hasown@2.0.3 OK for: form-data@4.0.5 want: ^2.0.2
593 silly placeDep ROOT mime-types@2.1.35 OK for: form-data@4.0.5 want: ^2.1.12
594 silly fetch manifest delayed-stream@~1.0.0
595 silly packumentCache full:https://registry.npmjs.org/delayed-stream cache-miss
596 silly fetch manifest es-errors@^1.3.0
597 silly packumentCache full:https://registry.npmjs.org/es-errors cache-miss
598 silly fetch manifest get-intrinsic@^1.2.6
599 silly packumentCache full:https://registry.npmjs.org/get-intrinsic cache-miss
600 silly fetch manifest has-tostringtag@^1.0.2
601 silly packumentCache full:https://registry.npmjs.org/has-tostringtag cache-miss
602 silly fetch manifest function-bind@^1.1.2
603 silly packumentCache full:https://registry.npmjs.org/function-bind cache-miss
604 silly fetch manifest mime-db@1.52.0
605 silly packumentCache full:https://registry.npmjs.org/mime-db cache-miss
606 http fetch GET 200 https://registry.npmjs.org/es-errors 68ms (cache miss)
607 silly packumentCache full:https://registry.npmjs.org/es-errors set size:undefined disposed:false
608 http fetch GET 200 https://registry.npmjs.org/delayed-stream 76ms (cache miss)
609 silly packumentCache full:https://registry.npmjs.org/delayed-stream set size:undefined disposed:false
610 http fetch GET 200 https://registry.npmjs.org/get-intrinsic 77ms (cache miss)
611 silly packumentCache full:https://registry.npmjs.org/get-intrinsic set size:undefined disposed:false
612 http fetch GET 200 https://registry.npmjs.org/has-tostringtag 78ms (cache miss)
613 silly packumentCache full:https://registry.npmjs.org/has-tostringtag set size:undefined disposed:false
614 http fetch GET 200 https://registry.npmjs.org/function-bind 79ms (cache miss)
615 silly packumentCache full:https://registry.npmjs.org/function-bind set size:undefined disposed:false
616 http fetch GET 200 https://registry.npmjs.org/mime-db 79ms (cache miss)
617 silly packumentCache full:https://registry.npmjs.org/mime-db set size:undefined disposed:false
618 silly placeDep ROOT delayed-stream@1.0.0 OK for: combined-stream@1.0.8 want: ~1.0.0
619 silly placeDep ROOT es-errors@1.3.0 OK for: es-set-tostringtag@2.1.0 want: ^1.3.0
620 silly placeDep ROOT get-intrinsic@1.3.0 OK for: es-set-tostringtag@2.1.0 want: ^1.2.6
621 silly placeDep ROOT has-tostringtag@1.0.2 OK for: es-set-tostringtag@2.1.0 want: ^1.0.2
622 silly fetch manifest gopd@^1.2.0
623 silly packumentCache full:https://registry.npmjs.org/gopd cache-miss
624 silly fetch manifest get-proto@^1.0.1
625 silly packumentCache full:https://registry.npmjs.org/get-proto cache-miss
626 silly fetch manifest has-symbols@^1.1.0
627 silly packumentCache full:https://registry.npmjs.org/has-symbols cache-miss
628 silly fetch manifest es-object-atoms@^1.1.1
629 silly packumentCache full:https://registry.npmjs.org/es-object-atoms cache-miss
630 silly fetch manifest math-intrinsics@^1.1.0
631 silly packumentCache full:https://registry.npmjs.org/math-intrinsics cache-miss
632 silly fetch manifest es-define-property@^1.0.1
633 silly packumentCache full:https://registry.npmjs.org/es-define-property cache-miss
634 silly fetch manifest call-bind-apply-helpers@^1.0.2
635 silly packumentCache full:https://registry.npmjs.org/call-bind-apply-helpers cache-miss
636 http fetch GET 200 https://registry.npmjs.org/es-object-atoms 65ms (cache miss)
637 silly packumentCache full:https://registry.npmjs.org/es-object-atoms set size:undefined disposed:false
638 silly fetch manifest has-symbols@^1.0.3
639 silly packumentCache full:https://registry.npmjs.org/has-symbols cache-miss
640 http fetch GET 200 https://registry.npmjs.org/call-bind-apply-helpers 68ms (cache miss)
641 silly packumentCache full:https://registry.npmjs.org/call-bind-apply-helpers set size:undefined disposed:false
642 http fetch GET 200 https://registry.npmjs.org/get-proto 70ms (cache miss)
643 silly packumentCache full:https://registry.npmjs.org/get-proto set size:undefined disposed:false
644 http fetch GET 200 https://registry.npmjs.org/es-define-property 72ms (cache miss)
645 silly packumentCache full:https://registry.npmjs.org/es-define-property set size:undefined disposed:false
646 http fetch GET 200 https://registry.npmjs.org/gopd 76ms (cache miss)
647 silly packumentCache full:https://registry.npmjs.org/gopd set size:undefined disposed:false
648 http fetch GET 200 https://registry.npmjs.org/has-symbols 77ms (cache miss)
649 silly packumentCache full:https://registry.npmjs.org/has-symbols set size:undefined disposed:false
650 http fetch GET 200 https://registry.npmjs.org/math-intrinsics 99ms (cache miss)
651 silly packumentCache full:https://registry.npmjs.org/math-intrinsics set size:undefined disposed:false
652 http fetch GET 200 https://registry.npmjs.org/has-symbols 70ms (cache miss)
653 silly packumentCache full:https://registry.npmjs.org/has-symbols set size:undefined disposed:false
654 silly placeDep ROOT call-bind-apply-helpers@1.0.2 OK for: get-intrinsic@1.3.0 want: ^1.0.2
655 silly placeDep ROOT es-define-property@1.0.1 OK for: get-intrinsic@1.3.0 want: ^1.0.1
656 silly placeDep ROOT es-object-atoms@1.1.1 OK for: get-intrinsic@1.3.0 want: ^1.1.1
657 silly placeDep ROOT function-bind@1.1.2 OK for: get-intrinsic@1.3.0 want: ^1.1.2
658 silly placeDep ROOT get-proto@1.0.1 OK for: get-intrinsic@1.3.0 want: ^1.0.1
659 silly placeDep ROOT gopd@1.2.0 OK for: get-intrinsic@1.3.0 want: ^1.2.0
660 silly placeDep ROOT has-symbols@1.1.0 OK for: get-intrinsic@1.3.0 want: ^1.1.0
661 silly placeDep ROOT math-intrinsics@1.1.0 OK for: get-intrinsic@1.3.0 want: ^1.1.0
662 silly fetch manifest dunder-proto@^1.0.1
663 silly packumentCache full:https://registry.npmjs.org/dunder-proto cache-miss
664 http fetch GET 200 https://registry.npmjs.org/dunder-proto 64ms (cache miss)
665 silly packumentCache full:https://registry.npmjs.org/dunder-proto set size:undefined disposed:false
666 silly placeDep ROOT dunder-proto@1.0.1 OK for: get-proto@1.0.1 want: ^1.0.1
667 silly placeDep ROOT foreground-child@3.3.1 OK for: glob@10.5.0 want: ^3.1.0
668 silly placeDep ROOT jackspeak@3.4.3 OK for: glob@10.5.0 want: ^3.1.2
669 silly placeDep ROOT minimatch@9.0.9 OK for: glob@10.5.0 want: ^9.0.4
670 silly placeDep ROOT minipass@7.1.3 OK for: glob@10.5.0 want: ^7.1.2
671 silly placeDep ROOT package-json-from-dist@1.0.1 OK for: glob@10.5.0 want: ^1.0.0
672 silly placeDep ROOT path-scurry@1.11.1 OK for: glob@10.5.0 want: ^1.11.1
673 silly fetch manifest cross-spawn@^7.0.6
674 silly packumentCache full:https://registry.npmjs.org/cross-spawn cache-miss
675 silly fetch manifest signal-exit@^4.0.1
676 silly packumentCache full:https://registry.npmjs.org/signal-exit cache-miss
677 silly fetch manifest @isaacs/cliui@^8.0.2
678 silly packumentCache full:https://registry.npmjs.org/@isaacs%2fcliui cache-miss
679 silly fetch manifest @pkgjs/parseargs@^0.11.0
680 silly packumentCache full:https://registry.npmjs.org/@pkgjs%2fparseargs cache-miss
681 silly fetch manifest brace-expansion@^2.0.2
682 silly packumentCache full:https://registry.npmjs.org/brace-expansion cache-miss
683 silly fetch manifest lru-cache@^10.2.0
684 silly packumentCache full:https://registry.npmjs.org/lru-cache cache-miss
685 http fetch GET 200 https://registry.npmjs.org/cross-spawn 77ms (cache miss)
686 silly packumentCache full:https://registry.npmjs.org/cross-spawn set size:undefined disposed:false
687 http fetch GET 200 https://registry.npmjs.org/signal-exit 79ms (cache miss)
688 silly packumentCache full:https://registry.npmjs.org/signal-exit set size:undefined disposed:false
689 http fetch GET 200 https://registry.npmjs.org/brace-expansion 82ms (cache miss)
690 silly packumentCache full:https://registry.npmjs.org/brace-expansion set size:undefined disposed:false
691 http fetch GET 200 https://registry.npmjs.org/@isaacs%2fcliui 89ms (cache miss)
692 silly packumentCache full:https://registry.npmjs.org/@isaacs%2fcliui set size:undefined disposed:false
693 http fetch GET 200 https://registry.npmjs.org/@pkgjs%2fparseargs 109ms (cache miss)
694 silly packumentCache full:https://registry.npmjs.org/@pkgjs%2fparseargs set size:undefined disposed:false
695 http fetch GET 200 https://registry.npmjs.org/lru-cache 116ms (cache miss)
696 silly packumentCache full:https://registry.npmjs.org/lru-cache set size:undefined disposed:false
697 silly placeDep ROOT cross-spawn@7.0.6 OK for: foreground-child@3.3.1 want: ^7.0.6
698 silly placeDep ROOT signal-exit@4.1.0 OK for: foreground-child@3.3.1 want: ^4.0.1
699 silly fetch manifest which@^2.0.1
700 silly packumentCache full:https://registry.npmjs.org/which cache-miss
701 silly fetch manifest path-key@^3.1.0
702 silly packumentCache full:https://registry.npmjs.org/path-key cache-miss
703 silly fetch manifest shebang-command@^2.0.0
704 silly packumentCache full:https://registry.npmjs.org/shebang-command cache-miss
705 http fetch GET 200 https://registry.npmjs.org/shebang-command 65ms (cache miss)
706 silly packumentCache full:https://registry.npmjs.org/shebang-command set size:undefined disposed:false
707 http fetch GET 200 https://registry.npmjs.org/which 72ms (cache miss)
708 silly packumentCache full:https://registry.npmjs.org/which set size:undefined disposed:false
709 http fetch GET 200 https://registry.npmjs.org/path-key 76ms (cache miss)
710 silly packumentCache full:https://registry.npmjs.org/path-key set size:undefined disposed:false
711 silly placeDep ROOT path-key@3.1.1 OK for: cross-spawn@7.0.6 want: ^3.1.0
712 silly placeDep ROOT shebang-command@2.0.0 OK for: cross-spawn@7.0.6 want: ^2.0.0
713 silly placeDep ROOT which@2.0.2 OK for: cross-spawn@7.0.6 want: ^2.0.1
714 silly fetch manifest shebang-regex@^3.0.0
715 silly packumentCache full:https://registry.npmjs.org/shebang-regex cache-miss
716 silly fetch manifest isexe@^2.0.0
717 silly packumentCache full:https://registry.npmjs.org/isexe cache-miss
718 http fetch GET 200 https://registry.npmjs.org/isexe 70ms (cache miss)
719 silly packumentCache full:https://registry.npmjs.org/isexe set size:undefined disposed:false
720 http fetch GET 200 https://registry.npmjs.org/shebang-regex 93ms (cache miss)
721 silly packumentCache full:https://registry.npmjs.org/shebang-regex set size:undefined disposed:false
722 silly placeDep ROOT @isaacs/cliui@8.0.2 OK for: jackspeak@3.4.3 want: ^8.0.2
723 silly placeDep ROOT @pkgjs/parseargs@0.11.0 OK for: jackspeak@3.4.3 want: ^0.11.0
724 silly fetch manifest string-width@^5.1.2
725 silly packumentCache full:https://registry.npmjs.org/string-width cache-hit
726 silly fetch manifest wrap-ansi-cjs@npm:wrap-ansi@^7.0.0
727 silly packumentCache full:https://registry.npmjs.org/wrap-ansi cache-hit
728 silly fetch manifest strip-ansi-cjs@npm:strip-ansi@^6.0.1
729 silly packumentCache full:https://registry.npmjs.org/strip-ansi cache-hit
730 silly fetch manifest string-width-cjs@npm:string-width@^4.2.0
731 silly packumentCache full:https://registry.npmjs.org/string-width cache-hit
732 silly placeDep node_modules/@isaacs/cliui string-width@5.1.2 OK for: @isaacs/cliui@8.0.2 want: ^5.1.2
733 silly placeDep ROOT string-width-cjs@4.2.3 OK for: @isaacs/cliui@8.0.2 want: npm:string-width@^4.2.0
734 silly placeDep ROOT strip-ansi@7.2.0 OK for: @isaacs/cliui@8.0.2 want: ^7.0.1
735 silly placeDep ROOT strip-ansi-cjs@6.0.1 OK for: @isaacs/cliui@8.0.2 want: npm:strip-ansi@^6.0.1
736 silly placeDep ROOT wrap-ansi-cjs@7.0.0 OK for: @isaacs/cliui@8.0.2 want: npm:wrap-ansi@^7.0.0
737 silly fetch manifest emoji-regex@^9.2.2
738 silly packumentCache full:https://registry.npmjs.org/emoji-regex cache-miss
739 silly fetch manifest eastasianwidth@^0.2.0
740 silly packumentCache full:https://registry.npmjs.org/eastasianwidth cache-miss
741 silly fetch manifest ansi-regex@^6.2.2
742 silly packumentCache full:https://registry.npmjs.org/ansi-regex cache-miss
743 silly fetch manifest ansi-regex@^5.0.1
744 silly packumentCache full:https://registry.npmjs.org/ansi-regex cache-miss
745 silly fetch manifest strip-ansi@^6.0.0
746 silly packumentCache full:https://registry.npmjs.org/strip-ansi cache-hit
747 http cache https://registry.npmjs.org/emoji-regex 4ms (cache hit)
748 silly packumentCache full:https://registry.npmjs.org/emoji-regex set size:89064 disposed:false
749 http fetch GET 200 https://registry.npmjs.org/eastasianwidth 68ms (cache miss)
750 silly packumentCache full:https://registry.npmjs.org/eastasianwidth set size:undefined disposed:false
751 http fetch GET 200 https://registry.npmjs.org/ansi-regex 69ms (cache miss)
752 silly packumentCache full:https://registry.npmjs.org/ansi-regex set size:undefined disposed:false
753 http fetch GET 200 https://registry.npmjs.org/ansi-regex 70ms (cache miss)
754 silly packumentCache full:https://registry.npmjs.org/ansi-regex set size:undefined disposed:false
755 silly placeDep ROOT language-subtag-registry@0.3.23 OK for: language-tags@1.0.9 want: ^0.3.20
756 silly placeDep ROOT cli-truncate@4.0.0 OK for: listr2@8.3.3 want: ^4.0.0
757 silly placeDep ROOT colorette@2.0.20 OK for: listr2@8.3.3 want: ^2.0.20
758 silly placeDep ROOT eventemitter3@5.0.4 OK for: listr2@8.3.3 want: ^5.0.1
759 silly placeDep ROOT log-update@6.1.0 OK for: listr2@8.3.3 want: ^6.1.0
760 silly placeDep ROOT rfdc@1.4.1 OK for: listr2@8.3.3 want: ^1.4.1
761 silly placeDep node_modules/listr2 wrap-ansi@9.0.2 OK for: listr2@8.3.3 want: ^9.0.0
762 silly fetch manifest slice-ansi@^5.0.0
763 silly packumentCache full:https://registry.npmjs.org/slice-ansi cache-miss
764 silly fetch manifest string-width@^7.0.0
765 silly packumentCache full:https://registry.npmjs.org/string-width cache-hit
766 silly fetch manifest cli-cursor@^5.0.0
767 silly packumentCache full:https://registry.npmjs.org/cli-cursor cache-miss
768 silly fetch manifest slice-ansi@^7.1.0
769 silly packumentCache full:https://registry.npmjs.org/slice-ansi cache-miss
770 silly fetch manifest ansi-escapes@^7.0.0
771 silly packumentCache full:https://registry.npmjs.org/ansi-escapes cache-miss
772 silly fetch manifest ansi-styles@^6.2.1
773 silly packumentCache full:https://registry.npmjs.org/ansi-styles cache-hit
774 silly fetch manifest string-width@^7.0.0
775 silly packumentCache full:https://registry.npmjs.org/string-width cache-hit
776 http cache https://registry.npmjs.org/slice-ansi 4ms (cache hit)
777 silly packumentCache full:https://registry.npmjs.org/slice-ansi set size:36418 disposed:false
778 http cache https://registry.npmjs.org/slice-ansi 4ms (cache hit)
779 silly packumentCache full:https://registry.npmjs.org/slice-ansi set size:36418 disposed:false
780 silly packumentCache full:https://registry.npmjs.org/slice-ansi dispose
781 http fetch GET 200 https://registry.npmjs.org/cli-cursor 66ms (cache miss)
782 silly packumentCache full:https://registry.npmjs.org/cli-cursor set size:undefined disposed:false
783 http fetch GET 200 https://registry.npmjs.org/ansi-escapes 86ms (cache miss)
784 silly packumentCache full:https://registry.npmjs.org/ansi-escapes set size:undefined disposed:false
785 silly placeDep ROOT slice-ansi@5.0.0 OK for: cli-truncate@4.0.0 want: ^5.0.0
786 silly placeDep node_modules/cli-truncate string-width@7.2.0 OK for: cli-truncate@4.0.0 want: ^7.0.0
787 silly fetch manifest ansi-styles@^6.0.0
788 silly packumentCache full:https://registry.npmjs.org/ansi-styles cache-hit
789 silly fetch manifest is-fullwidth-code-point@^4.0.0
790 silly packumentCache full:https://registry.npmjs.org/is-fullwidth-code-point cache-miss
791 silly fetch manifest emoji-regex@^10.3.0
792 silly packumentCache full:https://registry.npmjs.org/emoji-regex cache-hit
793 silly fetch manifest get-east-asian-width@^1.0.0
794 silly packumentCache full:https://registry.npmjs.org/get-east-asian-width cache-miss
795 http cache https://registry.npmjs.org/is-fullwidth-code-point 3ms (cache hit)
796 silly packumentCache full:https://registry.npmjs.org/is-fullwidth-code-point set size:14578 disposed:false
797 http fetch GET 200 https://registry.npmjs.org/get-east-asian-width 74ms (cache miss)
798 silly packumentCache full:https://registry.npmjs.org/get-east-asian-width set size:undefined disposed:false
799 silly placeDep ROOT ansi-escapes@7.3.0 OK for: log-update@6.1.0 want: ^7.0.0
800 silly placeDep ROOT cli-cursor@5.0.0 OK for: log-update@6.1.0 want: ^5.0.0
801 silly placeDep node_modules/log-update slice-ansi@7.1.2 OK for: log-update@6.1.0 want: ^7.1.0
802 silly placeDep node_modules/log-update wrap-ansi@9.0.2 OK for: log-update@6.1.0 want: ^9.0.0
803 silly fetch manifest environment@^1.0.0
804 silly packumentCache full:https://registry.npmjs.org/environment cache-miss
805 silly fetch manifest restore-cursor@^5.0.0
806 silly packumentCache full:https://registry.npmjs.org/restore-cursor cache-miss
807 silly fetch manifest is-fullwidth-code-point@^5.0.0
808 silly packumentCache full:https://registry.npmjs.org/is-fullwidth-code-point cache-hit
809 http fetch GET 200 https://registry.npmjs.org/environment 94ms (cache miss)
810 silly packumentCache full:https://registry.npmjs.org/environment set size:undefined disposed:false
811 http fetch GET 200 https://registry.npmjs.org/restore-cursor 667ms (cache miss)
812 silly packumentCache full:https://registry.npmjs.org/restore-cursor set size:undefined disposed:false
813 silly placeDep ROOT environment@1.1.0 OK for: ansi-escapes@7.3.0 want: ^1.0.0
814 silly placeDep ROOT restore-cursor@5.1.0 OK for: cli-cursor@5.0.0 want: ^5.0.0
815 silly fetch manifest onetime@^7.0.0
816 silly packumentCache full:https://registry.npmjs.org/onetime cache-miss
817 http fetch GET 200 https://registry.npmjs.org/onetime 70ms (cache miss)
818 silly packumentCache full:https://registry.npmjs.org/onetime set size:undefined disposed:false
819 silly placeDep ROOT braces@3.0.3 OK for: micromatch@4.0.8 want: ^3.0.3
820 silly placeDep ROOT picomatch@2.3.2 OK for: micromatch@4.0.8 want: ^2.3.1
821 silly fetch manifest fill-range@^7.1.1
822 silly packumentCache full:https://registry.npmjs.org/fill-range cache-miss
823 http fetch GET 200 https://registry.npmjs.org/fill-range 76ms (cache miss)
824 silly packumentCache full:https://registry.npmjs.org/fill-range set size:undefined disposed:false
825 silly placeDep ROOT fill-range@7.1.1 OK for: braces@3.0.3 want: ^7.1.1
826 silly fetch manifest to-regex-range@^5.0.1
827 silly packumentCache full:https://registry.npmjs.org/to-regex-range cache-miss
828 http fetch GET 200 https://registry.npmjs.org/to-regex-range 94ms (cache miss)
829 silly packumentCache full:https://registry.npmjs.org/to-regex-range set size:undefined disposed:false
830 silly placeDep ROOT to-regex-range@5.0.1 OK for: fill-range@7.1.1 want: ^5.0.1
831 silly fetch manifest is-number@^7.0.0
832 silly packumentCache full:https://registry.npmjs.org/is-number cache-miss
833 http fetch GET 200 https://registry.npmjs.org/is-number 63ms (cache miss)
834 silly packumentCache full:https://registry.npmjs.org/is-number set size:undefined disposed:false
835 silly placeDep ROOT mime-db@1.52.0 OK for: mime-types@2.1.35 want: 1.52.0
836 silly placeDep ROOT brace-expansion@2.1.0 OK for: minimatch@9.0.9 want: ^2.0.2
837 silly fetch manifest balanced-match@^1.0.0
838 silly packumentCache full:https://registry.npmjs.org/balanced-match cache-miss
839 http fetch GET 200 https://registry.npmjs.org/balanced-match 80ms (cache miss)
840 silly packumentCache full:https://registry.npmjs.org/balanced-match set size:undefined disposed:false
841 silly placeDep ROOT balanced-match@1.0.2 OK for: brace-expansion@2.1.0 want: ^1.0.0
842 silly placeDep ROOT iota-array@1.0.0 OK for: ndarray@1.0.19 want: ^1.0.0
843 silly placeDep ROOT is-buffer@1.1.6 OK for: ndarray@1.0.19 want: ^1.0.2
844 silly placeDep ROOT @types/ndarray@1.0.14 OK for: ndarray-lanczos@0.3.0 want: ^1.0.11
845 silly placeDep ROOT ndarray-ops@1.2.2 OK for: ndarray-pixels@5.0.1 want: ^1.2.2
846 silly fetch manifest cwise-compiler@^1.0.0
847 silly packumentCache full:https://registry.npmjs.org/cwise-compiler cache-miss
848 http fetch GET 200 https://registry.npmjs.org/cwise-compiler 81ms (cache miss)
849 silly packumentCache full:https://registry.npmjs.org/cwise-compiler set size:undefined disposed:false
850 silly placeDep ROOT cwise-compiler@1.1.3 OK for: ndarray-ops@1.2.2 want: ^1.0.0
851 silly fetch manifest uniq@^1.0.0
852 silly packumentCache full:https://registry.npmjs.org/uniq cache-miss
853 http fetch GET 200 https://registry.npmjs.org/uniq 80ms (cache miss)
854 silly packumentCache full:https://registry.npmjs.org/uniq set size:undefined disposed:false
855 silly placeDep ROOT uniq@1.0.1 OK for: cwise-compiler@1.1.3 want: ^1.0.0
856 silly placeDep ROOT data-uri-to-buffer@4.0.1 OK for: node-fetch@3.3.2 want: ^4.0.0
857 silly placeDep ROOT fetch-blob@3.2.0 OK for: node-fetch@3.3.2 want: ^3.1.4
858 silly placeDep ROOT formdata-polyfill@4.0.10 OK for: node-fetch@3.3.2 want: ^4.0.10
859 silly fetch manifest node-domexception@^1.0.0
860 silly packumentCache full:https://registry.npmjs.org/node-domexception cache-miss
861 silly fetch manifest web-streams-polyfill@^3.0.3
862 silly packumentCache full:https://registry.npmjs.org/web-streams-polyfill cache-miss
863 http fetch GET 200 https://registry.npmjs.org/node-domexception 83ms (cache miss)
864 silly packumentCache full:https://registry.npmjs.org/node-domexception set size:undefined disposed:false
865 http fetch GET 200 https://registry.npmjs.org/web-streams-polyfill 91ms (cache miss)
866 silly packumentCache full:https://registry.npmjs.org/web-streams-polyfill set size:undefined disposed:false
867 silly placeDep ROOT node-domexception@1.0.0 OK for: fetch-blob@3.2.0 want: ^1.0.0
868 silly placeDep ROOT web-streams-polyfill@3.3.3 OK for: fetch-blob@3.2.0 want: ^3.0.3
869 silly placeDep ROOT yocto-queue@1.2.2 OK for: p-limit@6.2.0 want: ^1.1.1
870 silly placeDep ROOT lru-cache@10.4.3 OK for: path-scurry@1.11.1 want: ^10.2.0
871 silly placeDep ROOT sisteransi@1.0.5 OK for: prompts@2.4.2 want: ^1.0.5
872 silly placeDep ROOT onetime@7.0.0 OK for: restore-cursor@5.1.0 want: ^7.0.0
873 silly fetch manifest mimic-function@^5.0.0
874 silly packumentCache full:https://registry.npmjs.org/mimic-function cache-miss
875 http fetch GET 200 https://registry.npmjs.org/mimic-function 67ms (cache miss)
876 silly packumentCache full:https://registry.npmjs.org/mimic-function set size:undefined disposed:false
877 silly placeDep ROOT mimic-function@5.0.1 OK for: onetime@7.0.0 want: ^5.0.0
878 silly placeDep ROOT @img/colour@1.1.0 OK for: sharp@0.34.5 want: ^1.0.0
879 silly placeDep ROOT @img/sharp-darwin-arm64@0.34.5 OK for: sharp@0.34.5 want: 0.34.5
880 silly placeDep ROOT @img/sharp-darwin-x64@0.34.5 OK for: sharp@0.34.5 want: 0.34.5
881 silly placeDep ROOT @img/sharp-libvips-darwin-arm64@1.2.4 OK for: sharp@0.34.5 want: 1.2.4
882 silly placeDep ROOT @img/sharp-libvips-darwin-x64@1.2.4 OK for: sharp@0.34.5 want: 1.2.4
883 silly placeDep ROOT @img/sharp-libvips-linux-arm@1.2.4 OK for: sharp@0.34.5 want: 1.2.4
884 silly placeDep ROOT @img/sharp-libvips-linux-arm64@1.2.4 OK for: sharp@0.34.5 want: 1.2.4
885 silly placeDep ROOT @img/sharp-libvips-linux-ppc64@1.2.4 OK for: sharp@0.34.5 want: 1.2.4
886 silly placeDep ROOT @img/sharp-libvips-linux-riscv64@1.2.4 OK for: sharp@0.34.5 want: 1.2.4
887 silly placeDep ROOT @img/sharp-libvips-linux-s390x@1.2.4 OK for: sharp@0.34.5 want: 1.2.4
888 silly placeDep ROOT @img/sharp-libvips-linux-x64@1.2.4 OK for: sharp@0.34.5 want: 1.2.4
889 silly placeDep ROOT @img/sharp-libvips-linuxmusl-arm64@1.2.4 OK for: sharp@0.34.5 want: 1.2.4
890 silly placeDep ROOT @img/sharp-libvips-linuxmusl-x64@1.2.4 OK for: sharp@0.34.5 want: 1.2.4
891 silly placeDep ROOT @img/sharp-linux-arm@0.34.5 OK for: sharp@0.34.5 want: 0.34.5
892 silly placeDep ROOT @img/sharp-linux-arm64@0.34.5 OK for: sharp@0.34.5 want: 0.34.5
893 silly placeDep ROOT @img/sharp-linux-ppc64@0.34.5 OK for: sharp@0.34.5 want: 0.34.5
894 silly placeDep ROOT @img/sharp-linux-riscv64@0.34.5 OK for: sharp@0.34.5 want: 0.34.5
895 silly placeDep ROOT @img/sharp-linux-s390x@0.34.5 OK for: sharp@0.34.5 want: 0.34.5
896 silly placeDep ROOT @img/sharp-linux-x64@0.34.5 OK for: sharp@0.34.5 want: 0.34.5
897 silly placeDep ROOT @img/sharp-linuxmusl-arm64@0.34.5 OK for: sharp@0.34.5 want: 0.34.5
898 silly placeDep ROOT @img/sharp-linuxmusl-x64@0.34.5 OK for: sharp@0.34.5 want: 0.34.5
899 silly placeDep ROOT @img/sharp-wasm32@0.34.5 OK for: sharp@0.34.5 want: 0.34.5
900 silly placeDep ROOT @img/sharp-win32-arm64@0.34.5 OK for: sharp@0.34.5 want: 0.34.5
901 silly placeDep ROOT @img/sharp-win32-ia32@0.34.5 OK for: sharp@0.34.5 want: 0.34.5
902 silly placeDep ROOT @img/sharp-win32-x64@0.34.5 OK for: sharp@0.34.5 want: 0.34.5
903 silly placeDep ROOT detect-libc@2.1.2 OK for: sharp@0.34.5 want: ^2.1.2
904 silly placeDep ROOT semver@7.7.4 OK for: sharp@0.34.5 want: ^7.7.3
905 silly fetch manifest @emnapi/runtime@^1.7.0
906 silly packumentCache full:https://registry.npmjs.org/@emnapi%2fruntime cache-miss
907 http fetch GET 200 https://registry.npmjs.org/@emnapi%2fruntime 128ms (cache miss)
908 silly packumentCache full:https://registry.npmjs.org/@emnapi%2fruntime set size:undefined disposed:false
909 silly placeDep ROOT @emnapi/runtime@1.10.0 OK for: @img/sharp-wasm32@0.34.5 want: ^1.7.0
910 silly fetch manifest tslib@^2.4.0
911 silly packumentCache full:https://registry.npmjs.org/tslib cache-miss
912 http fetch GET 200 https://registry.npmjs.org/tslib 101ms (cache miss)
913 silly packumentCache full:https://registry.npmjs.org/tslib set size:undefined disposed:false
914 silly placeDep ROOT tslib@2.8.1 OK for: @emnapi/runtime@1.10.0 want: ^2.4.0
915 silly placeDep ROOT shebang-regex@3.0.0 OK for: shebang-command@2.0.0 want: ^3.0.0
916 silly placeDep node_modules/slice-ansi ansi-styles@6.2.3 OK for: slice-ansi@5.0.0 want: ^6.0.0
917 silly placeDep ROOT is-fullwidth-code-point@4.0.0 OK for: slice-ansi@5.0.0 want: ^4.0.0
918 silly placeDep ROOT emoji-regex@8.0.0 OK for: string-width@4.2.3 want: ^8.0.0
919 silly placeDep node_modules/string-width is-fullwidth-code-point@3.0.0 OK for: string-width@4.2.3 want: ^3.0.0
920 silly placeDep node_modules/string-width strip-ansi@6.0.1 OK for: string-width@4.2.3 want: ^6.0.1
921 silly placeDep node_modules/string-width-cjs is-fullwidth-code-point@3.0.0 OK for: string-width@4.2.3 want: ^3.0.0
922 silly placeDep node_modules/string-width-cjs strip-ansi@6.0.1 OK for: string-width@4.2.3 want: ^6.0.1
923 silly placeDep ROOT ansi-regex@6.2.2 OK for: strip-ansi@7.2.0 want: ^6.2.2
924 silly placeDep node_modules/strip-ansi-cjs ansi-regex@5.0.1 OK for: strip-ansi@6.0.1 want: ^5.0.1
925 silly placeDep ROOT has-flag@4.0.0 OK for: supports-color@7.2.0 want: ^4.0.0
926 silly placeDep ROOT ajv@6.15.0 OK for: table@5.4.6 want: ^6.10.2
927 silly placeDep node_modules/table slice-ansi@2.1.0 OK for: table@5.4.6 want: ^2.1.0
928 silly placeDep node_modules/table string-width@3.1.0 OK for: table@5.4.6 want: ^3.0.0
929 silly fetch manifest uri-js@^4.2.2
930 silly packumentCache full:https://registry.npmjs.org/uri-js cache-miss
931 silly fetch manifest fast-deep-equal@^3.1.1
932 silly packumentCache full:https://registry.npmjs.org/fast-deep-equal cache-miss
933 silly fetch manifest json-schema-traverse@^0.4.1
934 silly packumentCache full:https://registry.npmjs.org/json-schema-traverse cache-miss
935 silly fetch manifest fast-json-stable-stringify@^2.0.0
936 silly packumentCache full:https://registry.npmjs.org/fast-json-stable-stringify cache-miss
937 silly fetch manifest ansi-styles@^3.2.0
938 silly packumentCache full:https://registry.npmjs.org/ansi-styles cache-hit
939 silly fetch manifest astral-regex@^1.0.0
940 silly packumentCache full:https://registry.npmjs.org/astral-regex cache-miss
941 silly fetch manifest is-fullwidth-code-point@^2.0.0
942 silly packumentCache full:https://registry.npmjs.org/is-fullwidth-code-point cache-hit
943 silly fetch manifest strip-ansi@^5.1.0
944 silly packumentCache full:https://registry.npmjs.org/strip-ansi cache-hit
945 silly fetch manifest emoji-regex@^7.0.1
946 silly packumentCache full:https://registry.npmjs.org/emoji-regex cache-hit
947 http fetch GET 200 https://registry.npmjs.org/json-schema-traverse 87ms (cache miss)
948 silly packumentCache full:https://registry.npmjs.org/json-schema-traverse set size:undefined disposed:false
949 http fetch GET 200 https://registry.npmjs.org/fast-json-stable-stringify 87ms (cache miss)
950 silly packumentCache full:https://registry.npmjs.org/fast-json-stable-stringify set size:undefined disposed:false
951 http fetch GET 200 https://registry.npmjs.org/astral-regex 87ms (cache miss)
952 silly packumentCache full:https://registry.npmjs.org/astral-regex set size:undefined disposed:false
953 http fetch GET 200 https://registry.npmjs.org/uri-js 87ms (cache miss)
954 silly packumentCache full:https://registry.npmjs.org/uri-js set size:undefined disposed:false
955 http fetch GET 200 https://registry.npmjs.org/fast-deep-equal 88ms (cache miss)
956 silly packumentCache full:https://registry.npmjs.org/fast-deep-equal set size:undefined disposed:false
957 silly placeDep ROOT fast-deep-equal@3.1.3 OK for: ajv@6.15.0 want: ^3.1.1
958 silly placeDep ROOT fast-json-stable-stringify@2.1.0 OK for: ajv@6.15.0 want: ^2.0.0
959 silly placeDep ROOT json-schema-traverse@0.4.1 OK for: ajv@6.15.0 want: ^0.4.1
960 silly placeDep ROOT uri-js@4.4.1 OK for: ajv@6.15.0 want: ^4.2.2
961 silly fetch manifest punycode@^2.1.0
962 silly packumentCache full:https://registry.npmjs.org/punycode cache-miss
963 http fetch GET 200 https://registry.npmjs.org/punycode 86ms (cache miss)
964 silly packumentCache full:https://registry.npmjs.org/punycode set size:undefined disposed:false
965 silly placeDep ROOT is-number@7.0.0 OK for: to-regex-range@5.0.1 want: ^7.0.0
966 silly placeDep ROOT punycode@2.3.1 OK for: uri-js@4.4.1 want: ^2.1.0
967 silly placeDep ROOT isexe@2.0.0 OK for: which@2.0.2 want: ^2.0.0
968 silly placeDep ROOT @dabh/diagnostics@2.0.8 OK for: winston@3.10.0 want: ^2.0.2
969 silly placeDep ROOT async@3.2.6 OK for: winston@3.10.0 want: ^3.2.3
970 silly placeDep ROOT is-stream@2.0.1 OK for: winston@3.10.0 want: ^2.0.0
971 silly placeDep ROOT logform@2.7.0 OK for: winston@3.10.0 want: ^2.4.0
972 silly placeDep ROOT one-time@1.0.0 OK for: winston@3.10.0 want: ^1.0.0
973 silly placeDep ROOT readable-stream@3.6.2 OK for: winston@3.10.0 want: ^3.4.0
974 silly placeDep ROOT safe-stable-stringify@2.5.0 OK for: winston@3.10.0 want: ^2.3.1
975 silly placeDep ROOT stack-trace@0.0.10 OK for: winston@3.10.0 want: 0.0.x
976 silly placeDep ROOT triple-beam@1.4.1 OK for: winston@3.10.0 want: ^1.3.0
977 silly placeDep ROOT winston-transport@4.9.0 OK for: winston@3.10.0 want: ^4.5.0
978 silly fetch manifest @so-ric/colorspace@^1.1.6
979 silly packumentCache full:https://registry.npmjs.org/@so-ric%2fcolorspace cache-miss
980 silly fetch manifest enabled@2.0.x
981 silly packumentCache full:https://registry.npmjs.org/enabled cache-miss
982 silly fetch manifest kuler@^2.0.0
983 silly packumentCache full:https://registry.npmjs.org/kuler cache-miss
984 silly fetch manifest @colors/colors@1.6.0
985 silly packumentCache full:https://registry.npmjs.org/@colors%2fcolors cache-miss
986 silly fetch manifest @types/triple-beam@^1.3.2
987 silly packumentCache full:https://registry.npmjs.org/@types%2ftriple-beam cache-miss
988 silly fetch manifest fecha@^4.2.0
989 silly packumentCache full:https://registry.npmjs.org/fecha cache-miss
990 silly fetch manifest ms@^2.1.1
991 silly packumentCache full:https://registry.npmjs.org/ms cache-miss
992 http cache https://registry.npmjs.org/@colors%2fcolors 6ms (cache hit)
993 silly packumentCache full:https://registry.npmjs.org/@colors%2fcolors set size:12042 disposed:false
994 silly fetch manifest fn.name@1.x.x
995 silly packumentCache full:https://registry.npmjs.org/fn.name cache-miss
996 http fetch GET 200 https://registry.npmjs.org/fn.name 66ms (cache miss)
997 silly packumentCache full:https://registry.npmjs.org/fn.name set size:undefined disposed:false
998 silly fetch manifest inherits@^2.0.3
999 silly packumentCache full:https://registry.npmjs.org/inherits cache-miss
1000 http fetch GET 200 https://registry.npmjs.org/kuler 78ms (cache miss)
1001 silly packumentCache full:https://registry.npmjs.org/kuler set size:undefined disposed:false
1002 silly fetch manifest string_decoder@^1.1.1
1003 silly packumentCache full:https://registry.npmjs.org/string_decoder cache-miss
1004 http fetch GET 200 https://registry.npmjs.org/ms 80ms (cache miss)
1005 silly packumentCache full:https://registry.npmjs.org/ms set size:undefined disposed:false
1006 silly fetch manifest util-deprecate@^1.0.1
1007 silly packumentCache full:https://registry.npmjs.org/util-deprecate cache-miss
1008 http fetch GET 200 https://registry.npmjs.org/enabled 84ms (cache miss)
1009 silly packumentCache full:https://registry.npmjs.org/enabled set size:undefined disposed:false
1010 http fetch GET 200 https://registry.npmjs.org/fecha 84ms (cache miss)
1011 silly packumentCache full:https://registry.npmjs.org/fecha set size:undefined disposed:false
1012 http fetch GET 200 https://registry.npmjs.org/@types%2ftriple-beam 106ms (cache miss)
1013 silly packumentCache full:https://registry.npmjs.org/@types%2ftriple-beam set size:undefined disposed:false
1014 http fetch GET 200 https://registry.npmjs.org/@so-ric%2fcolorspace 114ms (cache miss)
1015 silly packumentCache full:https://registry.npmjs.org/@so-ric%2fcolorspace set size:undefined disposed:false
1016 http fetch GET 200 https://registry.npmjs.org/string_decoder 68ms (cache miss)
1017 silly packumentCache full:https://registry.npmjs.org/string_decoder set size:undefined disposed:false
1018 http fetch GET 200 https://registry.npmjs.org/inherits 76ms (cache miss)
1019 silly packumentCache full:https://registry.npmjs.org/inherits set size:undefined disposed:false
1020 http fetch GET 200 https://registry.npmjs.org/util-deprecate 71ms (cache miss)
1021 silly packumentCache full:https://registry.npmjs.org/util-deprecate set size:undefined disposed:false
1022 silly placeDep ROOT @so-ric/colorspace@1.1.6 OK for: @dabh/diagnostics@2.0.8 want: ^1.1.6
1023 silly placeDep ROOT enabled@2.0.0 OK for: @dabh/diagnostics@2.0.8 want: 2.0.x
1024 silly placeDep ROOT kuler@2.0.0 OK for: @dabh/diagnostics@2.0.8 want: ^2.0.0
1025 silly fetch manifest color@^5.0.2
1026 silly packumentCache full:https://registry.npmjs.org/color cache-miss
1027 silly fetch manifest text-hex@1.0.x
1028 silly packumentCache full:https://registry.npmjs.org/text-hex cache-miss
1029 http fetch GET 200 https://registry.npmjs.org/text-hex 68ms (cache miss)
1030 silly packumentCache full:https://registry.npmjs.org/text-hex set size:undefined disposed:false
1031 http fetch GET 200 https://registry.npmjs.org/color 85ms (cache miss)
1032 silly packumentCache full:https://registry.npmjs.org/color set size:undefined disposed:false
1033 silly placeDep ROOT color@5.0.3 OK for: @so-ric/colorspace@1.1.6 want: ^5.0.2
1034 silly placeDep ROOT text-hex@1.0.0 OK for: @so-ric/colorspace@1.1.6 want: 1.0.x
1035 silly fetch manifest color-convert@^3.1.3
1036 silly packumentCache full:https://registry.npmjs.org/color-convert cache-miss
1037 silly fetch manifest color-string@^2.1.3
1038 silly packumentCache full:https://registry.npmjs.org/color-string cache-miss
1039 http cache https://registry.npmjs.org/color-convert 2ms (cache hit)
1040 silly packumentCache full:https://registry.npmjs.org/color-convert set size:72663 disposed:false
1041 http fetch GET 200 https://registry.npmjs.org/color-string 74ms (cache miss)
1042 silly packumentCache full:https://registry.npmjs.org/color-string set size:undefined disposed:false
1043 silly placeDep node_modules/color color-convert@3.1.3 OK for: color@5.0.3 want: ^3.1.3
1044 silly placeDep ROOT color-string@2.1.4 OK for: color@5.0.3 want: ^2.1.3
1045 silly fetch manifest color-name@^2.0.0
1046 silly packumentCache full:https://registry.npmjs.org/color-name cache-miss
1047 silly fetch manifest color-name@^2.0.0
1048 silly packumentCache full:https://registry.npmjs.org/color-name cache-miss
1049 http cache https://registry.npmjs.org/color-name 2ms (cache hit)
1050 silly packumentCache full:https://registry.npmjs.org/color-name set size:19467 disposed:false
1051 http cache https://registry.npmjs.org/color-name 2ms (cache hit)
1052 silly packumentCache full:https://registry.npmjs.org/color-name set size:19467 disposed:false
1053 silly packumentCache full:https://registry.npmjs.org/color-name dispose
1054 silly placeDep node_modules/color-string color-name@2.1.0 OK for: color-string@2.1.4 want: ^2.0.0
1055 silly placeDep node_modules/logform @colors/colors@1.6.0 OK for: logform@2.7.0 want: 1.6.0
1056 silly placeDep ROOT @types/triple-beam@1.3.5 OK for: logform@2.7.0 want: ^1.3.2
1057 silly placeDep ROOT fecha@4.2.3 OK for: logform@2.7.0 want: ^4.2.0
1058 silly placeDep ROOT ms@2.1.3 OK for: logform@2.7.0 want: ^2.1.1
1059 silly placeDep ROOT fn.name@1.1.0 OK for: one-time@1.0.0 want: 1.x.x
1060 silly placeDep ROOT inherits@2.0.4 OK for: readable-stream@3.6.2 want: ^2.0.3
1061 silly placeDep ROOT string_decoder@1.3.0 OK for: readable-stream@3.6.2 want: ^1.1.1
1062 silly placeDep ROOT util-deprecate@1.0.2 OK for: readable-stream@3.6.2 want: ^1.0.1
1063 silly fetch manifest safe-buffer@~5.2.0
1064 silly packumentCache full:https://registry.npmjs.org/safe-buffer cache-miss
1065 http fetch GET 200 https://registry.npmjs.org/safe-buffer 80ms (cache miss)
1066 silly packumentCache full:https://registry.npmjs.org/safe-buffer set size:undefined disposed:false
1067 silly placeDep ROOT safe-buffer@5.2.1 OK for: string_decoder@1.3.0 want: ~5.2.0
1068 silly placeDep node_modules/wrap-ansi ansi-styles@6.2.3 OK for: wrap-ansi@8.1.0 want: ^6.1.0
1069 silly placeDep node_modules/wrap-ansi string-width@5.1.2 OK for: wrap-ansi@8.1.0 want: ^5.0.1
1070 silly placeDep node_modules/wrap-ansi-cjs strip-ansi@6.0.1 OK for: wrap-ansi@7.0.0 want: ^6.0.0
1071 silly placeDep ROOT eastasianwidth@0.2.0 OK for: string-width@5.1.2 want: ^0.2.0
1072 silly placeDep node_modules/@isaacs/cliui emoji-regex@9.2.2 OK for: string-width@5.1.2 want: ^9.2.2
1073 silly placeDep node_modules/cli-truncate emoji-regex@10.6.0 OK for: string-width@7.2.0 want: ^10.3.0
1074 silly placeDep ROOT get-east-asian-width@1.5.0 OK for: string-width@7.2.0 want: ^1.0.0
1075 silly placeDep node_modules/color color-name@2.1.0 OK for: color-convert@3.1.3 want: ^2.0.0
1076 silly placeDep node_modules/listr2 ansi-styles@6.2.3 OK for: wrap-ansi@9.0.2 want: ^6.2.1
1077 silly placeDep node_modules/listr2 string-width@7.2.0 OK for: wrap-ansi@9.0.2 want: ^7.0.0
1078 silly placeDep node_modules/listr2 emoji-regex@10.6.0 OK for: string-width@7.2.0 want: ^10.3.0
1079 silly placeDep node_modules/log-update ansi-styles@6.2.3 OK for: slice-ansi@7.1.2 want: ^6.2.1
1080 silly placeDep node_modules/log-update is-fullwidth-code-point@5.1.0 OK for: slice-ansi@7.1.2 want: ^5.0.0
1081 silly placeDep node_modules/log-update string-width@7.2.0 OK for: wrap-ansi@9.0.2 want: ^7.0.0
1082 silly placeDep node_modules/log-update emoji-regex@10.6.0 OK for: string-width@7.2.0 want: ^10.3.0
1083 silly placeDep node_modules/string-width-cjs ansi-regex@5.0.1 OK for: strip-ansi@6.0.1 want: ^5.0.1
1084 silly placeDep node_modules/string-width ansi-regex@5.0.1 OK for: strip-ansi@6.0.1 want: ^5.0.1
1085 silly placeDep node_modules/table ansi-styles@3.2.1 OK for: slice-ansi@2.1.0 want: ^3.2.0
1086 silly placeDep ROOT astral-regex@1.0.0 OK for: slice-ansi@2.1.0 want: ^1.0.0
1087 silly placeDep node_modules/table is-fullwidth-code-point@2.0.0 OK for: slice-ansi@2.1.0 want: ^2.0.0
1088 silly fetch manifest color-convert@^1.9.0
1089 silly packumentCache full:https://registry.npmjs.org/color-convert cache-hit
1090 silly placeDep node_modules/table color-convert@1.9.3 OK for: ansi-styles@3.2.1 want: ^1.9.0
1091 silly fetch manifest color-name@1.1.3
1092 silly packumentCache full:https://registry.npmjs.org/color-name cache-hit
1093 silly placeDep node_modules/table color-name@1.1.3 OK for: color-convert@1.9.3 want: 1.1.3
1094 silly placeDep node_modules/table emoji-regex@7.0.3 OK for: string-width@3.1.0 want: ^7.0.1
1095 silly placeDep node_modules/table strip-ansi@5.2.0 OK for: string-width@3.1.0 want: ^5.1.0
1096 silly fetch manifest ansi-regex@^4.1.0
1097 silly packumentCache full:https://registry.npmjs.org/ansi-regex cache-miss
1098 http cache https://registry.npmjs.org/ansi-regex 3ms (cache hit)
1099 silly packumentCache full:https://registry.npmjs.org/ansi-regex set size:43572 disposed:false
1100 silly placeDep node_modules/table ansi-regex@4.1.1 OK for: strip-ansi@5.2.0 want: ^4.1.0
1101 silly placeDep node_modules/wrap-ansi-cjs ansi-regex@5.0.1 OK for: strip-ansi@6.0.1 want: ^5.0.1
1102 silly placeDep node_modules/wrap-ansi emoji-regex@9.2.2 OK for: string-width@5.1.2 want: ^9.2.2
1103 silly reify moves {}
1104 silly audit bulk request {
1104 silly audit   '@gltf-transform/cli': [ '4.3.0' ],
1104 silly audit   '@donmccurdy/caporal': [ '0.0.10' ],
1104 silly audit   '@gltf-transform/core': [ '4.3.0' ],
1104 silly audit   '@gltf-transform/extensions': [ '4.3.0' ],
1104 silly audit   '@gltf-transform/functions': [ '4.3.0' ],
1104 silly audit   '@types/language-tags': [ '1.0.4' ],
1104 silly audit   '@types/micromatch': [ '4.0.10' ],
1104 silly audit   '@types/node-fetch': [ '2.6.13' ],
1104 silly audit   '@types/prompts': [ '2.4.9' ],
1104 silly audit   '@types/tmp': [ '0.2.6' ],
1104 silly audit   'cli-table3': [ '0.6.5' ],
1104 silly audit   'csv-stringify': [ '6.5.2' ],
1104 silly audit   draco3dgltf: [ '1.5.7' ],
1104 silly audit   'gltf-validator': [ '2.0.0-dev.3.10' ],
1104 silly audit   'keyframe-resample': [ '0.1.0' ],
1104 silly audit   'ktx-parse': [ '1.1.0' ],
1104 silly audit   'language-tags': [ '1.0.9' ],
1104 silly audit   listr2: [ '8.3.3' ],
1104 silly audit   meshoptimizer: [ '1.0.1' ],
1104 silly audit   micromatch: [ '4.0.8' ],
1104 silly audit   mikktspace: [ '1.1.1' ],
1104 silly audit   'node-fetch': [ '3.3.2' ],
1104 silly audit   'p-limit': [ '6.2.0' ],
1104 silly audit   prompts: [ '2.4.2' ],
1104 silly audit   sharp: [ '0.34.5' ],
1104 silly audit   tmp: [ '0.2.5' ],
1104 silly audit   watlas: [ '1.0.1' ],
1104 silly audit   '@types/glob': [ '8.1.0' ],
1104 silly audit   '@types/lodash': [ '4.17.24' ],
1104 silly audit   '@types/node': [ '20.5.6' ],
1104 silly audit   '@types/table': [ '5.0.0' ],
1104 silly audit   '@types/wrap-ansi': [ '8.0.2' ],
1104 silly audit   chalk: [ '3.0.0' ],
1104 silly audit   glob: [ '10.5.0' ],
1104 silly audit   lodash: [ '4.18.1' ],
1104 silly audit   table: [ '5.4.6' ],
1104 silly audit   winston: [ '3.10.0' ],
1104 silly audit   'wrap-ansi': [ '8.1.0', '7.0.0', '9.0.2' ],
1104 silly audit   'property-graph': [ '4.1.0' ],
1104 silly audit   ndarray: [ '1.0.19' ],
1104 silly audit   'ndarray-lanczos': [ '0.3.0' ],
1104 silly audit   'ndarray-pixels': [ '5.0.1' ],
1104 silly audit   '@types/minimatch': [ '5.1.2' ],
1104 silly audit   '@types/braces': [ '3.0.5' ],
1104 silly audit   'form-data': [ '4.0.5' ],
1104 silly audit   kleur: [ '3.0.3' ],
1104 silly audit   'ansi-styles': [ '4.3.0', '6.2.3', '3.2.1' ],
1104 silly audit   'supports-color': [ '7.2.0' ],
1104 silly audit   'color-convert': [ '2.0.1', '3.1.3', '1.9.3' ],
1104 silly audit   '@colors/colors': [ '1.5.0', '1.6.0' ],
1104 silly audit   'string-width': [ '4.2.3', '5.1.2', '7.2.0', '3.1.0' ],
1104 silly audit   'color-name': [ '1.1.4', '2.1.0', '1.1.3' ],
1104 silly audit   asynckit: [ '0.4.0' ],
1104 silly audit   'combined-stream': [ '1.0.8' ],
1104 silly audit   'es-set-tostringtag': [ '2.1.0' ],
1104 silly audit   hasown: [ '2.0.3' ],
1104 silly audit   'mime-types': [ '2.1.35' ],
1104 silly audit   'delayed-stream': [ '1.0.0' ],
1104 silly audit   'es-errors': [ '1.3.0' ],
1104 silly audit   'get-intrinsic': [ '1.3.0' ],
1104 silly audit   'has-tostringtag': [ '1.0.2' ],
1104 silly audit   'call-bind-apply-helpers': [ '1.0.2' ],
1104 silly audit   'es-define-property': [ '1.0.1' ],
1104 silly audit   'es-object-atoms': [ '1.1.1' ],
1104 silly audit   'function-bind': [ '1.1.2' ],
1104 silly audit   'get-proto': [ '1.0.1' ],
1104 silly audit   gopd: [ '1.2.0' ],
1104 silly audit   'has-symbols': [ '1.1.0' ],
1104 silly audit   'math-intrinsics': [ '1.1.0' ],
1104 silly audit   'dunder-proto': [ '1.0.1' ],
1104 silly audit   'foreground-child': [ '3.3.1' ],
1104 silly audit   jackspeak: [ '3.4.3' ],
1104 silly audit   minimatch: [ '9.0.9' ],
1104 silly audit   minipass: [ '7.1.3' ],
1104 silly audit   'package-json-from-dist': [ '1.0.1' ],
1104 silly audit   'path-scurry': [ '1.11.1' ],
1104 silly audit   'cross-spawn': [ '7.0.6' ],
1104 silly audit   'signal-exit': [ '4.1.0' ],
1104 silly audit   'path-key': [ '3.1.1' ],
1104 silly audit   'shebang-command': [ '2.0.0' ],
1104 silly audit   which: [ '2.0.2' ],
1104 silly audit   '@isaacs/cliui': [ '8.0.2' ],
1104 silly audit   '@pkgjs/parseargs': [ '0.11.0' ],
1104 silly audit   'strip-ansi': [ '7.2.0', '6.0.1', '5.2.0' ],
1104 silly audit   'language-subtag-registry': [ '0.3.23' ],
1104 silly audit   'cli-truncate': [ '4.0.0' ],
1104 silly audit   colorette: [ '2.0.20' ],
1104 silly audit   eventemitter3: [ '5.0.4' ],
1104 silly audit   'log-update': [ '6.1.0' ],
1104 silly audit   rfdc: [ '1.4.1' ],
1104 silly audit   'slice-ansi': [ '5.0.0', '7.1.2', '2.1.0' ],
1104 silly audit   'ansi-escapes': [ '7.3.0' ],
1104 silly audit   'cli-cursor': [ '5.0.0' ],
1104 silly audit   environment: [ '1.1.0' ],
1104 silly audit   'restore-cursor': [ '5.1.0' ],
1104 silly audit   braces: [ '3.0.3' ],
1104 silly audit   picomatch: [ '2.3.2' ],
1104 silly audit   'fill-range': [ '7.1.1' ],
1104 silly audit   'to-regex-range': [ '5.0.1' ],
1104 silly audit   'mime-db': [ '1.52.0' ],
1104 silly audit   'brace-expansion': [ '2.1.0' ],
1104 silly audit   'balanced-match': [ '1.0.2' ],
1104 silly audit   'iota-array': [ '1.0.0' ],
1104 silly audit   'is-buffer': [ '1.1.6' ],
1104 silly audit   '@types/ndarray': [ '1.0.14' ],
1104 silly audit   'ndarray-ops': [ '1.2.2' ],
1104 silly audit   'cwise-compiler': [ '1.1.3' ],
1104 silly audit   uniq: [ '1.0.1' ],
1104 silly audit   'data-uri-to-buffer': [ '4.0.1' ],
1104 silly audit   'fetch-blob': [ '3.2.0' ],
1104 silly audit   'formdata-polyfill': [ '4.0.10' ],
1104 silly audit   'node-domexception': [ '1.0.0' ],
1104 silly audit   'web-streams-polyfill': [ '3.3.3' ],
1104 silly audit   'yocto-queue': [ '1.2.2' ],
1104 silly audit   'lru-cache': [ '10.4.3' ],
1104 silly audit   sisteransi: [ '1.0.5' ],
1104 silly audit   onetime: [ '7.0.0' ],
1104 silly audit   'mimic-function': [ '5.0.1' ],
1104 silly audit   '@img/colour': [ '1.1.0' ],
1104 silly audit   '@img/sharp-darwin-arm64': [ '0.34.5' ],
1104 silly audit   '@img/sharp-darwin-x64': [ '0.34.5' ],
1104 silly audit   '@img/sharp-libvips-darwin-arm64': [ '1.2.4' ],
1104 silly audit   '@img/sharp-libvips-darwin-x64': [ '1.2.4' ],
1104 silly audit   '@img/sharp-libvips-linux-arm': [ '1.2.4' ],
1104 silly audit   '@img/sharp-libvips-linux-arm64': [ '1.2.4' ],
1104 silly audit   '@img/sharp-libvips-linux-ppc64': [ '1.2.4' ],
1104 silly audit   '@img/sharp-libvips-linux-riscv64': [ '1.2.4' ],
1104 silly audit   '@img/sharp-libvips-linux-s390x': [ '1.2.4' ],
1104 silly audit   '@img/sharp-libvips-linux-x64': [ '1.2.4' ],
1104 silly audit   '@img/sharp-libvips-linuxmusl-arm64': [ '1.2.4' ],
1104 silly audit   '@img/sharp-libvips-linuxmusl-x64': [ '1.2.4' ],
1104 silly audit   '@img/sharp-linux-arm': [ '0.34.5' ],
1104 silly audit   '@img/sharp-linux-arm64': [ '0.34.5' ],
1104 silly audit   '@img/sharp-linux-ppc64': [ '0.34.5' ],
1104 silly audit   '@img/sharp-linux-riscv64': [ '0.34.5' ],
1104 silly audit   '@img/sharp-linux-s390x': [ '0.34.5' ],
1104 silly audit   '@img/sharp-linux-x64': [ '0.34.5' ],
1104 silly audit   '@img/sharp-linuxmusl-arm64': [ '0.34.5' ],
1104 silly audit   '@img/sharp-linuxmusl-x64': [ '0.34.5' ],
1104 silly audit   '@img/sharp-wasm32': [ '0.34.5' ],
1104 silly audit   '@img/sharp-win32-arm64': [ '0.34.5' ],
1104 silly audit   '@img/sharp-win32-ia32': [ '0.34.5' ],
1104 silly audit   '@img/sharp-win32-x64': [ '0.34.5' ],
1104 silly audit   'detect-libc': [ '2.1.2' ],
1104 silly audit   semver: [ '7.7.4' ],
1104 silly audit   '@emnapi/runtime': [ '1.10.0' ],
1104 silly audit   tslib: [ '2.8.1' ],
1104 silly audit   'shebang-regex': [ '3.0.0' ],
1104 silly audit   'is-fullwidth-code-point': [ '4.0.0', '3.0.0', '5.1.0', '2.0.0' ],
1104 silly audit   'emoji-regex': [ '8.0.0', '9.2.2', '10.6.0', '7.0.3' ],
1104 silly audit   'ansi-regex': [ '6.2.2', '5.0.1', '4.1.1' ],
1104 silly audit   'has-flag': [ '4.0.0' ],
1104 silly audit   ajv: [ '6.15.0' ],
1104 silly audit   'fast-deep-equal': [ '3.1.3' ],
1104 silly audit   'fast-json-stable-stringify': [ '2.1.0' ],
1104 silly audit   'json-schema-traverse': [ '0.4.1' ],
1104 silly audit   'uri-js': [ '4.4.1' ],
1104 silly audit   'is-number': [ '7.0.0' ],
1104 silly audit   punycode: [ '2.3.1' ],
1104 silly audit   isexe: [ '2.0.0' ],
1104 silly audit   '@dabh/diagnostics': [ '2.0.8' ],
1104 silly audit   async: [ '3.2.6' ],
1104 silly audit   'is-stream': [ '2.0.1' ],
1104 silly audit   logform: [ '2.7.0' ],
1104 silly audit   'one-time': [ '1.0.0' ],
1104 silly audit   'readable-stream': [ '3.6.2' ],
1104 silly audit   'safe-stable-stringify': [ '2.5.0' ],
1104 silly audit   'stack-trace': [ '0.0.10' ],
1104 silly audit   'triple-beam': [ '1.4.1' ],
1104 silly audit   'winston-transport': [ '4.9.0' ],
1104 silly audit   '@so-ric/colorspace': [ '1.1.6' ],
1104 silly audit   enabled: [ '2.0.0' ],
1104 silly audit   kuler: [ '2.0.0' ],
1104 silly audit   color: [ '5.0.3' ],
1104 silly audit   'text-hex': [ '1.0.0' ],
1104 silly audit   'color-string': [ '2.1.4' ],
1104 silly audit   '@types/triple-beam': [ '1.3.5' ],
1104 silly audit   fecha: [ '4.2.3' ],
1104 silly audit   ms: [ '2.1.3' ],
1104 silly audit   'fn.name': [ '1.1.0' ],
1104 silly audit   inherits: [ '2.0.4' ],
1104 silly audit   string_decoder: [ '1.3.0' ],
1104 silly audit   'util-deprecate': [ '1.0.2' ],
1104 silly audit   'safe-buffer': [ '5.2.1' ],
1104 silly audit   eastasianwidth: [ '0.2.0' ],
1104 silly audit   'get-east-asian-width': [ '1.5.0' ],
1104 silly audit   'astral-regex': [ '1.0.0' ]
1104 silly audit }
1105 http cache get-east-asian-width@https://registry.npmjs.org/get-east-asian-width/-/get-east-asian-width-1.5.0.tgz 0ms (cache hit)
1106 http cache eastasianwidth@https://registry.npmjs.org/eastasianwidth/-/eastasianwidth-0.2.0.tgz 0ms (cache hit)
1107 http cache astral-regex@https://registry.npmjs.org/astral-regex/-/astral-regex-1.0.0.tgz 0ms (cache hit)
1108 http cache string_decoder@https://registry.npmjs.org/string_decoder/-/string_decoder-1.3.0.tgz 0ms (cache hit)
1109 http cache inherits@https://registry.npmjs.org/inherits/-/inherits-2.0.4.tgz 0ms (cache hit)
1110 http cache safe-buffer@https://registry.npmjs.org/safe-buffer/-/safe-buffer-5.2.1.tgz 0ms (cache hit)
1111 http cache util-deprecate@https://registry.npmjs.org/util-deprecate/-/util-deprecate-1.0.2.tgz 0ms (cache hit)
1112 http cache fn.name@https://registry.npmjs.org/fn.name/-/fn.name-1.1.0.tgz 0ms (cache hit)
1113 http cache ms@https://registry.npmjs.org/ms/-/ms-2.1.3.tgz 0ms (cache hit)
1114 http cache fecha@https://registry.npmjs.org/fecha/-/fecha-4.2.3.tgz 0ms (cache hit)
1115 http cache @types/triple-beam@https://registry.npmjs.org/@types/triple-beam/-/triple-beam-1.3.5.tgz 0ms (cache hit)
1116 http cache color-string@https://registry.npmjs.org/color-string/-/color-string-2.1.4.tgz 0ms (cache hit)
1117 http cache text-hex@https://registry.npmjs.org/text-hex/-/text-hex-1.0.0.tgz 0ms (cache hit)
1118 http cache enabled@https://registry.npmjs.org/enabled/-/enabled-2.0.0.tgz 0ms (cache hit)
1119 http cache @so-ric/colorspace@https://registry.npmjs.org/@so-ric/colorspace/-/colorspace-1.1.6.tgz 0ms (cache hit)
1120 http cache winston-transport@https://registry.npmjs.org/winston-transport/-/winston-transport-4.9.0.tgz 0ms (cache hit)
1121 http cache color@https://registry.npmjs.org/color/-/color-5.0.3.tgz 0ms (cache hit)
1122 http cache triple-beam@https://registry.npmjs.org/triple-beam/-/triple-beam-1.4.1.tgz 0ms (cache hit)
1123 http cache readable-stream@https://registry.npmjs.org/readable-stream/-/readable-stream-3.6.2.tgz 0ms (cache hit)
1124 http cache one-time@https://registry.npmjs.org/one-time/-/one-time-1.0.0.tgz 0ms (cache hit)
1125 http cache stack-trace@https://registry.npmjs.org/stack-trace/-/stack-trace-0.0.10.tgz 0ms (cache hit)
1126 http cache logform@https://registry.npmjs.org/logform/-/logform-2.7.0.tgz 0ms (cache hit)
1127 http cache is-stream@https://registry.npmjs.org/is-stream/-/is-stream-2.0.1.tgz 0ms (cache hit)
1128 http cache safe-stable-stringify@https://registry.npmjs.org/safe-stable-stringify/-/safe-stable-stringify-2.5.0.tgz 0ms (cache hit)
1129 http cache @dabh/diagnostics@https://registry.npmjs.org/@dabh/diagnostics/-/diagnostics-2.0.8.tgz 0ms (cache hit)
1130 http cache punycode@https://registry.npmjs.org/punycode/-/punycode-2.3.1.tgz 0ms (cache hit)
1131 http cache async@https://registry.npmjs.org/async/-/async-3.2.6.tgz 0ms (cache hit)
1132 http cache is-number@https://registry.npmjs.org/is-number/-/is-number-7.0.0.tgz 0ms (cache hit)
1133 http cache kuler@https://registry.npmjs.org/kuler/-/kuler-2.0.0.tgz 0ms (cache hit)
1134 http cache isexe@https://registry.npmjs.org/isexe/-/isexe-2.0.0.tgz 0ms (cache hit)
1135 http cache uri-js@https://registry.npmjs.org/uri-js/-/uri-js-4.4.1.tgz 0ms (cache hit)
1136 http cache fast-json-stable-stringify@https://registry.npmjs.org/fast-json-stable-stringify/-/fast-json-stable-stringify-2.1.0.tgz 0ms (cache hit)
1137 http cache json-schema-traverse@https://registry.npmjs.org/json-schema-traverse/-/json-schema-traverse-0.4.1.tgz 0ms (cache hit)
1138 http cache ajv@https://registry.npmjs.org/ajv/-/ajv-6.15.0.tgz 0ms (cache hit)
1139 http cache has-flag@https://registry.npmjs.org/has-flag/-/has-flag-4.0.0.tgz 0ms (cache hit)
1140 http cache fast-deep-equal@https://registry.npmjs.org/fast-deep-equal/-/fast-deep-equal-3.1.3.tgz 0ms (cache hit)
1141 http cache emoji-regex@https://registry.npmjs.org/emoji-regex/-/emoji-regex-8.0.0.tgz 0ms (cache hit)
1142 http cache is-fullwidth-code-point@https://registry.npmjs.org/is-fullwidth-code-point/-/is-fullwidth-code-point-4.0.0.tgz 0ms (cache hit)
1143 http cache ansi-regex@https://registry.npmjs.org/ansi-regex/-/ansi-regex-6.2.2.tgz 0ms (cache hit)
1144 http cache shebang-regex@https://registry.npmjs.org/shebang-regex/-/shebang-regex-3.0.0.tgz 0ms (cache hit)
1145 http cache detect-libc@https://registry.npmjs.org/detect-libc/-/detect-libc-2.1.2.tgz 0ms (cache hit)
1146 http cache semver@https://registry.npmjs.org/semver/-/semver-7.7.4.tgz 0ms (cache hit)
1147 http cache @img/sharp-libvips-darwin-arm64@https://registry.npmjs.org/@img/sharp-libvips-darwin-arm64/-/sharp-libvips-darwin-arm64-1.2.4.tgz 0ms (cache hit)
1148 http cache @img/colour@https://registry.npmjs.org/@img/colour/-/colour-1.1.0.tgz 0ms (cache hit)
1149 http cache @img/sharp-darwin-arm64@https://registry.npmjs.org/@img/sharp-darwin-arm64/-/sharp-darwin-arm64-0.34.5.tgz 0ms (cache hit)
1150 http cache lru-cache@https://registry.npmjs.org/lru-cache/-/lru-cache-10.4.3.tgz 0ms (cache hit)
1151 http cache onetime@https://registry.npmjs.org/onetime/-/onetime-7.0.0.tgz 0ms (cache hit)
1152 http cache yocto-queue@https://registry.npmjs.org/yocto-queue/-/yocto-queue-1.2.2.tgz 0ms (cache hit)
1153 http cache sisteransi@https://registry.npmjs.org/sisteransi/-/sisteransi-1.0.5.tgz 0ms (cache hit)
1154 http cache web-streams-polyfill@https://registry.npmjs.org/web-streams-polyfill/-/web-streams-polyfill-3.3.3.tgz 0ms (cache hit)
1155 http cache node-domexception@https://registry.npmjs.org/node-domexception/-/node-domexception-1.0.0.tgz 0ms (cache hit)
1156 http cache formdata-polyfill@https://registry.npmjs.org/formdata-polyfill/-/formdata-polyfill-4.0.10.tgz 0ms (cache hit)
1157 http cache data-uri-to-buffer@https://registry.npmjs.org/data-uri-to-buffer/-/data-uri-to-buffer-4.0.1.tgz 0ms (cache hit)
1158 http cache fetch-blob@https://registry.npmjs.org/fetch-blob/-/fetch-blob-3.2.0.tgz 0ms (cache hit)
1159 http cache uniq@https://registry.npmjs.org/uniq/-/uniq-1.0.1.tgz 0ms (cache hit)
1160 http cache ndarray-ops@https://registry.npmjs.org/ndarray-ops/-/ndarray-ops-1.2.2.tgz 0ms (cache hit)
1161 http cache @types/ndarray@https://registry.npmjs.org/@types/ndarray/-/ndarray-1.0.14.tgz 0ms (cache hit)
1162 http cache iota-array@https://registry.npmjs.org/iota-array/-/iota-array-1.0.0.tgz 0ms (cache hit)
1163 http cache is-buffer@https://registry.npmjs.org/is-buffer/-/is-buffer-1.1.6.tgz 0ms (cache hit)
1164 http cache balanced-match@https://registry.npmjs.org/balanced-match/-/balanced-match-1.0.2.tgz 1ms (cache hit)
1165 http cache cwise-compiler@https://registry.npmjs.org/cwise-compiler/-/cwise-compiler-1.1.3.tgz 0ms (cache hit)
1166 http cache brace-expansion@https://registry.npmjs.org/brace-expansion/-/brace-expansion-2.1.0.tgz 0ms (cache hit)
1167 http cache to-regex-range@https://registry.npmjs.org/to-regex-range/-/to-regex-range-5.0.1.tgz 0ms (cache hit)
1168 http cache mime-db@https://registry.npmjs.org/mime-db/-/mime-db-1.52.0.tgz 0ms (cache hit)
1169 http cache picomatch@https://registry.npmjs.org/picomatch/-/picomatch-2.3.2.tgz 0ms (cache hit)
1170 http cache braces@https://registry.npmjs.org/braces/-/braces-3.0.3.tgz 0ms (cache hit)
1171 http cache restore-cursor@https://registry.npmjs.org/restore-cursor/-/restore-cursor-5.1.0.tgz 0ms (cache hit)
1172 http cache environment@https://registry.npmjs.org/environment/-/environment-1.1.0.tgz 0ms (cache hit)
1173 http cache cli-cursor@https://registry.npmjs.org/cli-cursor/-/cli-cursor-5.0.0.tgz 0ms (cache hit)
1174 http cache ansi-escapes@https://registry.npmjs.org/ansi-escapes/-/ansi-escapes-7.3.0.tgz 0ms (cache hit)
1175 http cache fill-range@https://registry.npmjs.org/fill-range/-/fill-range-7.1.1.tgz 0ms (cache hit)
1176 http cache rfdc@https://registry.npmjs.org/rfdc/-/rfdc-1.4.1.tgz 0ms (cache hit)
1177 http cache slice-ansi@https://registry.npmjs.org/slice-ansi/-/slice-ansi-5.0.0.tgz 0ms (cache hit)
1178 http cache log-update@https://registry.npmjs.org/log-update/-/log-update-6.1.0.tgz 0ms (cache hit)
1179 http cache colorette@https://registry.npmjs.org/colorette/-/colorette-2.0.20.tgz 0ms (cache hit)
1180 http cache language-subtag-registry@https://registry.npmjs.org/language-subtag-registry/-/language-subtag-registry-0.3.23.tgz 0ms (cache hit)
1181 http cache cli-truncate@https://registry.npmjs.org/cli-truncate/-/cli-truncate-4.0.0.tgz 0ms (cache hit)
1182 http cache eventemitter3@https://registry.npmjs.org/eventemitter3/-/eventemitter3-5.0.4.tgz 0ms (cache hit)
1183 http cache wrap-ansi-cjs@https://registry.npmjs.org/wrap-ansi/-/wrap-ansi-7.0.0.tgz 0ms (cache hit)
1184 http cache strip-ansi@https://registry.npmjs.org/strip-ansi/-/strip-ansi-7.2.0.tgz 0ms (cache hit)
1185 http cache strip-ansi-cjs@https://registry.npmjs.org/strip-ansi/-/strip-ansi-6.0.1.tgz 0ms (cache hit)
1186 http cache @pkgjs/parseargs@https://registry.npmjs.org/@pkgjs/parseargs/-/parseargs-0.11.0.tgz 0ms (cache hit)
1187 http cache @isaacs/cliui@https://registry.npmjs.org/@isaacs/cliui/-/cliui-8.0.2.tgz 0ms (cache hit)
1188 http cache which@https://registry.npmjs.org/which/-/which-2.0.2.tgz 0ms (cache hit)
1189 http cache string-width-cjs@https://registry.npmjs.org/string-width/-/string-width-4.2.3.tgz 0ms (cache hit)
1190 http cache signal-exit@https://registry.npmjs.org/signal-exit/-/signal-exit-4.1.0.tgz 0ms (cache hit)
1191 http cache path-key@https://registry.npmjs.org/path-key/-/path-key-3.1.1.tgz 0ms (cache hit)
1192 http cache shebang-command@https://registry.npmjs.org/shebang-command/-/shebang-command-2.0.0.tgz 0ms (cache hit)
1193 http cache package-json-from-dist@https://registry.npmjs.org/package-json-from-dist/-/package-json-from-dist-1.0.1.tgz 0ms (cache hit)
1194 http cache path-scurry@https://registry.npmjs.org/path-scurry/-/path-scurry-1.11.1.tgz 0ms (cache hit)
1195 http cache minipass@https://registry.npmjs.org/minipass/-/minipass-7.1.3.tgz 0ms (cache hit)
1196 http cache cross-spawn@https://registry.npmjs.org/cross-spawn/-/cross-spawn-7.0.6.tgz 0ms (cache hit)
1197 http cache jackspeak@https://registry.npmjs.org/jackspeak/-/jackspeak-3.4.3.tgz 0ms (cache hit)
1198 http cache minimatch@https://registry.npmjs.org/minimatch/-/minimatch-9.0.9.tgz 0ms (cache hit)
1199 http cache foreground-child@https://registry.npmjs.org/foreground-child/-/foreground-child-3.3.1.tgz 0ms (cache hit)
1200 http cache dunder-proto@https://registry.npmjs.org/dunder-proto/-/dunder-proto-1.0.1.tgz 0ms (cache hit)
1201 http cache has-symbols@https://registry.npmjs.org/has-symbols/-/has-symbols-1.1.0.tgz 0ms (cache hit)
1202 http cache gopd@https://registry.npmjs.org/gopd/-/gopd-1.2.0.tgz 0ms (cache hit)
1203 http cache math-intrinsics@https://registry.npmjs.org/math-intrinsics/-/math-intrinsics-1.1.0.tgz 0ms (cache hit)
1204 http cache function-bind@https://registry.npmjs.org/function-bind/-/function-bind-1.1.2.tgz 0ms (cache hit)
1205 http cache es-object-atoms@https://registry.npmjs.org/es-object-atoms/-/es-object-atoms-1.1.1.tgz 0ms (cache hit)
1206 http cache es-define-property@https://registry.npmjs.org/es-define-property/-/es-define-property-1.0.1.tgz 0ms (cache hit)
1207 http cache call-bind-apply-helpers@https://registry.npmjs.org/call-bind-apply-helpers/-/call-bind-apply-helpers-1.0.2.tgz 0ms (cache hit)
1208 http cache has-tostringtag@https://registry.npmjs.org/has-tostringtag/-/has-tostringtag-1.0.2.tgz 0ms (cache hit)
1209 http cache get-intrinsic@https://registry.npmjs.org/get-intrinsic/-/get-intrinsic-1.3.0.tgz 0ms (cache hit)
1210 http cache get-proto@https://registry.npmjs.org/get-proto/-/get-proto-1.0.1.tgz 0ms (cache hit)
1211 http cache es-errors@https://registry.npmjs.org/es-errors/-/es-errors-1.3.0.tgz 0ms (cache hit)
1212 http cache delayed-stream@https://registry.npmjs.org/delayed-stream/-/delayed-stream-1.0.0.tgz 0ms (cache hit)
1213 http cache mime-types@https://registry.npmjs.org/mime-types/-/mime-types-2.1.35.tgz 0ms (cache hit)
1214 http cache hasown@https://registry.npmjs.org/hasown/-/hasown-2.0.3.tgz 0ms (cache hit)
1215 http cache asynckit@https://registry.npmjs.org/asynckit/-/asynckit-0.4.0.tgz 0ms (cache hit)
1216 http cache combined-stream@https://registry.npmjs.org/combined-stream/-/combined-stream-1.0.8.tgz 0ms (cache hit)
1217 http cache es-set-tostringtag@https://registry.npmjs.org/es-set-tostringtag/-/es-set-tostringtag-2.1.0.tgz 0ms (cache hit)
1218 http cache string-width@https://registry.npmjs.org/string-width/-/string-width-4.2.3.tgz 0ms (cache hit)
1219 http cache @colors/colors@https://registry.npmjs.org/@colors/colors/-/colors-1.5.0.tgz 0ms (cache hit)
1220 http cache color-convert@https://registry.npmjs.org/color-convert/-/color-convert-2.0.1.tgz 0ms (cache hit)
1221 http cache color-name@https://registry.npmjs.org/color-name/-/color-name-1.1.4.tgz 0ms (cache hit)
1222 http cache supports-color@https://registry.npmjs.org/supports-color/-/supports-color-7.2.0.tgz 0ms (cache hit)
1223 http cache ansi-styles@https://registry.npmjs.org/ansi-styles/-/ansi-styles-4.3.0.tgz 0ms (cache hit)
1224 http cache kleur@https://registry.npmjs.org/kleur/-/kleur-3.0.3.tgz 0ms (cache hit)
1225 http cache @types/braces@https://registry.npmjs.org/@types/braces/-/braces-3.0.5.tgz 0ms (cache hit)
1226 http cache @types/minimatch@https://registry.npmjs.org/@types/minimatch/-/minimatch-5.1.2.tgz 0ms (cache hit)
1227 http cache ndarray-pixels@https://registry.npmjs.org/ndarray-pixels/-/ndarray-pixels-5.0.1.tgz 0ms (cache hit)
1228 http cache form-data@https://registry.npmjs.org/form-data/-/form-data-4.0.5.tgz 0ms (cache hit)
1229 http cache ndarray-lanczos@https://registry.npmjs.org/ndarray-lanczos/-/ndarray-lanczos-0.3.0.tgz 0ms (cache hit)
1230 http cache ndarray@https://registry.npmjs.org/ndarray/-/ndarray-1.0.19.tgz 0ms (cache hit)
1231 http cache property-graph@https://registry.npmjs.org/property-graph/-/property-graph-4.1.0.tgz 0ms (cache hit)
1232 http cache lodash@https://registry.npmjs.org/lodash/-/lodash-4.18.1.tgz 0ms (cache hit)
1233 http cache winston@https://registry.npmjs.org/winston/-/winston-3.10.0.tgz 0ms (cache hit)
1234 http cache glob@https://registry.npmjs.org/glob/-/glob-10.5.0.tgz 0ms (cache hit)
1235 http cache chalk@https://registry.npmjs.org/chalk/-/chalk-3.0.0.tgz 0ms (cache hit)
1236 http cache wrap-ansi@https://registry.npmjs.org/wrap-ansi/-/wrap-ansi-8.1.0.tgz 0ms (cache hit)
1237 http cache @types/wrap-ansi@https://registry.npmjs.org/@types/wrap-ansi/-/wrap-ansi-8.0.2.tgz 0ms (cache hit)
1238 http cache @types/node@https://registry.npmjs.org/@types/node/-/node-20.5.6.tgz 0ms (cache hit)
1239 http cache table@https://registry.npmjs.org/table/-/table-5.4.6.tgz 0ms (cache hit)
1240 http cache @types/table@https://registry.npmjs.org/@types/table/-/table-5.0.0.tgz 0ms (cache hit)
1241 http cache watlas@https://registry.npmjs.org/watlas/-/watlas-1.0.1.tgz 0ms (cache hit)
1242 http cache @types/glob@https://registry.npmjs.org/@types/glob/-/glob-8.1.0.tgz 0ms (cache hit)
1243 http cache sharp@https://registry.npmjs.org/sharp/-/sharp-0.34.5.tgz 0ms (cache hit)
1244 http cache tmp@https://registry.npmjs.org/tmp/-/tmp-0.2.5.tgz 0ms (cache hit)
1245 http cache prompts@https://registry.npmjs.org/prompts/-/prompts-2.4.2.tgz 0ms (cache hit)
1246 http cache @types/lodash@https://registry.npmjs.org/@types/lodash/-/lodash-4.17.24.tgz 0ms (cache hit)
1247 http cache p-limit@https://registry.npmjs.org/p-limit/-/p-limit-6.2.0.tgz 0ms (cache hit)
1248 http cache node-fetch@https://registry.npmjs.org/node-fetch/-/node-fetch-3.3.2.tgz 0ms (cache hit)
1249 http cache micromatch@https://registry.npmjs.org/micromatch/-/micromatch-4.0.8.tgz 0ms (cache hit)
1250 http cache meshoptimizer@https://registry.npmjs.org/meshoptimizer/-/meshoptimizer-1.0.1.tgz 0ms (cache hit)
1251 http cache listr2@https://registry.npmjs.org/listr2/-/listr2-8.3.3.tgz 0ms (cache hit)
1252 http cache ktx-parse@https://registry.npmjs.org/ktx-parse/-/ktx-parse-1.1.0.tgz 0ms (cache hit)
1253 http cache mikktspace@https://registry.npmjs.org/mikktspace/-/mikktspace-1.1.1.tgz 0ms (cache hit)
1254 http cache keyframe-resample@https://registry.npmjs.org/keyframe-resample/-/keyframe-resample-0.1.0.tgz 1ms (cache hit)
1255 http cache csv-stringify@https://registry.npmjs.org/csv-stringify/-/csv-stringify-6.5.2.tgz 0ms (cache hit)
1256 http cache language-tags@https://registry.npmjs.org/language-tags/-/language-tags-1.0.9.tgz 0ms (cache hit)
1257 http cache cli-table3@https://registry.npmjs.org/cli-table3/-/cli-table3-0.6.5.tgz 0ms (cache hit)
1258 http cache draco3dgltf@https://registry.npmjs.org/draco3dgltf/-/draco3dgltf-1.5.7.tgz 0ms (cache hit)
1259 http cache @types/micromatch@https://registry.npmjs.org/@types/micromatch/-/micromatch-4.0.10.tgz 0ms (cache hit)
1260 http cache @types/tmp@https://registry.npmjs.org/@types/tmp/-/tmp-0.2.6.tgz 0ms (cache hit)
1261 http cache @types/node-fetch@https://registry.npmjs.org/@types/node-fetch/-/node-fetch-2.6.13.tgz 0ms (cache hit)
1262 http cache @types/prompts@https://registry.npmjs.org/@types/prompts/-/prompts-2.4.9.tgz 0ms (cache hit)
1263 http cache @gltf-transform/functions@https://registry.npmjs.org/@gltf-transform/functions/-/functions-4.3.0.tgz 0ms (cache hit)
1264 http cache @gltf-transform/extensions@https://registry.npmjs.org/@gltf-transform/extensions/-/extensions-4.3.0.tgz 0ms (cache hit)
1265 http cache @types/language-tags@https://registry.npmjs.org/@types/language-tags/-/language-tags-1.0.4.tgz 0ms (cache hit)
1266 http cache @donmccurdy/caporal@https://registry.npmjs.org/@donmccurdy/caporal/-/caporal-0.0.10.tgz 0ms (cache hit)
1267 http cache @gltf-transform/cli@https://registry.npmjs.org/@gltf-transform/cli/-/cli-4.3.0.tgz 0ms (cache hit)
1268 http cache gltf-validator@https://registry.npmjs.org/gltf-validator/-/gltf-validator-2.0.0-dev.3.10.tgz 0ms (cache hit)
1269 http cache color-name@https://registry.npmjs.org/color-name/-/color-name-2.1.0.tgz 0ms (cache hit)
1270 http cache @gltf-transform/core@https://registry.npmjs.org/@gltf-transform/core/-/core-4.3.0.tgz 0ms (cache hit)
1271 http cache mimic-function@https://registry.npmjs.org/mimic-function/-/mimic-function-5.0.1.tgz 0ms (cache hit)
1272 http cache color-name@https://registry.npmjs.org/color-name/-/color-name-2.1.0.tgz 0ms (cache hit)
1273 http cache @colors/colors@https://registry.npmjs.org/@colors/colors/-/colors-1.6.0.tgz 0ms (cache hit)
1274 http cache string-width@https://registry.npmjs.org/string-width/-/string-width-7.2.0.tgz 0ms (cache hit)
1275 http cache emoji-regex@https://registry.npmjs.org/emoji-regex/-/emoji-regex-10.6.0.tgz 0ms (cache hit)
1276 http cache is-fullwidth-code-point@https://registry.npmjs.org/is-fullwidth-code-point/-/is-fullwidth-code-point-5.1.0.tgz 0ms (cache hit)
1277 http cache emoji-regex@https://registry.npmjs.org/emoji-regex/-/emoji-regex-10.6.0.tgz 0ms (cache hit)
1278 http cache string-width@https://registry.npmjs.org/string-width/-/string-width-7.2.0.tgz 0ms (cache hit)
1279 http cache ansi-regex@https://registry.npmjs.org/ansi-regex/-/ansi-regex-5.0.1.tgz 0ms (cache hit)
1280 http cache color-convert@https://registry.npmjs.org/color-convert/-/color-convert-3.1.3.tgz 0ms (cache hit)
1281 http cache slice-ansi@https://registry.npmjs.org/slice-ansi/-/slice-ansi-7.1.2.tgz 0ms (cache hit)
1282 http cache strip-ansi@https://registry.npmjs.org/strip-ansi/-/strip-ansi-6.0.1.tgz 0ms (cache hit)
1283 http cache ansi-regex@https://registry.npmjs.org/ansi-regex/-/ansi-regex-5.0.1.tgz 0ms (cache hit)
1284 http cache ansi-styles@https://registry.npmjs.org/ansi-styles/-/ansi-styles-6.2.3.tgz 0ms (cache hit)
1285 http cache ansi-regex@https://registry.npmjs.org/ansi-regex/-/ansi-regex-5.0.1.tgz 0ms (cache hit)
1286 http cache ansi-styles@https://registry.npmjs.org/ansi-styles/-/ansi-styles-6.2.3.tgz 0ms (cache hit)
1287 http cache strip-ansi@https://registry.npmjs.org/strip-ansi/-/strip-ansi-6.0.1.tgz 0ms (cache hit)
1288 http cache is-fullwidth-code-point@https://registry.npmjs.org/is-fullwidth-code-point/-/is-fullwidth-code-point-3.0.0.tgz 0ms (cache hit)
1289 http cache ansi-regex@https://registry.npmjs.org/ansi-regex/-/ansi-regex-5.0.1.tgz 0ms (cache hit)
1290 http cache string-width@https://registry.npmjs.org/string-width/-/string-width-5.1.2.tgz 0ms (cache hit)
1291 http cache is-fullwidth-code-point@https://registry.npmjs.org/is-fullwidth-code-point/-/is-fullwidth-code-point-3.0.0.tgz 0ms (cache hit)
1292 http cache emoji-regex@https://registry.npmjs.org/emoji-regex/-/emoji-regex-9.2.2.tgz 0ms (cache hit)
1293 http cache strip-ansi@https://registry.npmjs.org/strip-ansi/-/strip-ansi-6.0.1.tgz 0ms (cache hit)
1294 http cache emoji-regex@https://registry.npmjs.org/emoji-regex/-/emoji-regex-9.2.2.tgz 0ms (cache hit)
1295 http cache string-width@https://registry.npmjs.org/string-width/-/string-width-5.1.2.tgz 0ms (cache hit)
1296 http cache ansi-regex@https://registry.npmjs.org/ansi-regex/-/ansi-regex-4.1.1.tgz 0ms (cache hit)
1297 http cache ansi-styles@https://registry.npmjs.org/ansi-styles/-/ansi-styles-6.2.3.tgz 0ms (cache hit)
1298 http cache color-convert@https://registry.npmjs.org/color-convert/-/color-convert-1.9.3.tgz 0ms (cache hit)
1299 http cache emoji-regex@https://registry.npmjs.org/emoji-regex/-/emoji-regex-7.0.3.tgz 0ms (cache hit)
1300 http cache color-name@https://registry.npmjs.org/color-name/-/color-name-1.1.3.tgz 0ms (cache hit)
1301 http cache ansi-styles@https://registry.npmjs.org/ansi-styles/-/ansi-styles-3.2.1.tgz 0ms (cache hit)
1302 http cache strip-ansi@https://registry.npmjs.org/strip-ansi/-/strip-ansi-5.2.0.tgz 0ms (cache hit)
1303 http cache string-width@https://registry.npmjs.org/string-width/-/string-width-3.1.0.tgz 0ms (cache hit)
1304 http cache slice-ansi@https://registry.npmjs.org/slice-ansi/-/slice-ansi-2.1.0.tgz 0ms (cache hit)
1305 http cache string-width@https://registry.npmjs.org/string-width/-/string-width-7.2.0.tgz 0ms (cache hit)
1306 http cache is-fullwidth-code-point@https://registry.npmjs.org/is-fullwidth-code-point/-/is-fullwidth-code-point-2.0.0.tgz 0ms (cache hit)
1307 http cache wrap-ansi@https://registry.npmjs.org/wrap-ansi/-/wrap-ansi-9.0.2.tgz 0ms (cache hit)
1308 silly tarball no local data for get-east-asian-width@https://registry.npmjs.org/get-east-asian-width/-/get-east-asian-width-1.5.0.tgz. Extracting by manifest.
1309 silly tarball no local data for eastasianwidth@https://registry.npmjs.org/eastasianwidth/-/eastasianwidth-0.2.0.tgz. Extracting by manifest.
1310 silly tarball no local data for astral-regex@https://registry.npmjs.org/astral-regex/-/astral-regex-1.0.0.tgz. Extracting by manifest.
1311 silly tarball no local data for string_decoder@https://registry.npmjs.org/string_decoder/-/string_decoder-1.3.0.tgz. Extracting by manifest.
1312 silly tarball no local data for inherits@https://registry.npmjs.org/inherits/-/inherits-2.0.4.tgz. Extracting by manifest.
1313 silly tarball no local data for safe-buffer@https://registry.npmjs.org/safe-buffer/-/safe-buffer-5.2.1.tgz. Extracting by manifest.
1314 silly tarball no local data for util-deprecate@https://registry.npmjs.org/util-deprecate/-/util-deprecate-1.0.2.tgz. Extracting by manifest.
1315 silly tarball no local data for fn.name@https://registry.npmjs.org/fn.name/-/fn.name-1.1.0.tgz. Extracting by manifest.
1316 silly tarball no local data for ms@https://registry.npmjs.org/ms/-/ms-2.1.3.tgz. Extracting by manifest.
1317 silly tarball no local data for fecha@https://registry.npmjs.org/fecha/-/fecha-4.2.3.tgz. Extracting by manifest.
1318 silly tarball no local data for @types/triple-beam@https://registry.npmjs.org/@types/triple-beam/-/triple-beam-1.3.5.tgz. Extracting by manifest.
1319 silly tarball no local data for color-string@https://registry.npmjs.org/color-string/-/color-string-2.1.4.tgz. Extracting by manifest.
1320 http cache wrap-ansi@https://registry.npmjs.org/wrap-ansi/-/wrap-ansi-9.0.2.tgz 0ms (cache hit)
1321 silly tarball no local data for text-hex@https://registry.npmjs.org/text-hex/-/text-hex-1.0.0.tgz. Extracting by manifest.
1322 http cache emoji-regex@https://registry.npmjs.org/emoji-regex/-/emoji-regex-10.6.0.tgz 0ms (cache hit)
1323 silly tarball no local data for enabled@https://registry.npmjs.org/enabled/-/enabled-2.0.0.tgz. Extracting by manifest.
1324 silly tarball no local data for @so-ric/colorspace@https://registry.npmjs.org/@so-ric/colorspace/-/colorspace-1.1.6.tgz. Extracting by manifest.
1325 silly tarball no local data for winston-transport@https://registry.npmjs.org/winston-transport/-/winston-transport-4.9.0.tgz. Extracting by manifest.
1326 http cache ansi-styles@https://registry.npmjs.org/ansi-styles/-/ansi-styles-6.2.3.tgz 0ms (cache hit)
1327 silly tarball no local data for color@https://registry.npmjs.org/color/-/color-5.0.3.tgz. Extracting by manifest.
1328 silly tarball no local data for triple-beam@https://registry.npmjs.org/triple-beam/-/triple-beam-1.4.1.tgz. Extracting by manifest.
1329 silly tarball no local data for readable-stream@https://registry.npmjs.org/readable-stream/-/readable-stream-3.6.2.tgz. Extracting by manifest.
1330 silly tarball no local data for one-time@https://registry.npmjs.org/one-time/-/one-time-1.0.0.tgz. Extracting by manifest.
1331 silly tarball no local data for stack-trace@https://registry.npmjs.org/stack-trace/-/stack-trace-0.0.10.tgz. Extracting by manifest.
1332 silly tarball no local data for logform@https://registry.npmjs.org/logform/-/logform-2.7.0.tgz. Extracting by manifest.
1333 silly tarball no local data for is-stream@https://registry.npmjs.org/is-stream/-/is-stream-2.0.1.tgz. Extracting by manifest.
1334 silly tarball no local data for safe-stable-stringify@https://registry.npmjs.org/safe-stable-stringify/-/safe-stable-stringify-2.5.0.tgz. Extracting by manifest.
1335 silly tarball no local data for @dabh/diagnostics@https://registry.npmjs.org/@dabh/diagnostics/-/diagnostics-2.0.8.tgz. Extracting by manifest.
1336 silly tarball no local data for punycode@https://registry.npmjs.org/punycode/-/punycode-2.3.1.tgz. Extracting by manifest.
1337 silly tarball no local data for async@https://registry.npmjs.org/async/-/async-3.2.6.tgz. Extracting by manifest.
1338 silly tarball no local data for is-number@https://registry.npmjs.org/is-number/-/is-number-7.0.0.tgz. Extracting by manifest.
1339 silly tarball no local data for kuler@https://registry.npmjs.org/kuler/-/kuler-2.0.0.tgz. Extracting by manifest.
1340 silly tarball no local data for isexe@https://registry.npmjs.org/isexe/-/isexe-2.0.0.tgz. Extracting by manifest.
1341 silly tarball no local data for uri-js@https://registry.npmjs.org/uri-js/-/uri-js-4.4.1.tgz. Extracting by manifest.
1342 silly tarball no local data for fast-json-stable-stringify@https://registry.npmjs.org/fast-json-stable-stringify/-/fast-json-stable-stringify-2.1.0.tgz. Extracting by manifest.
1343 silly tarball no local data for json-schema-traverse@https://registry.npmjs.org/json-schema-traverse/-/json-schema-traverse-0.4.1.tgz. Extracting by manifest.
1344 silly tarball no local data for ajv@https://registry.npmjs.org/ajv/-/ajv-6.15.0.tgz. Extracting by manifest.
1345 silly tarball no local data for has-flag@https://registry.npmjs.org/has-flag/-/has-flag-4.0.0.tgz. Extracting by manifest.
1346 silly tarball no local data for fast-deep-equal@https://registry.npmjs.org/fast-deep-equal/-/fast-deep-equal-3.1.3.tgz. Extracting by manifest.
1347 silly tarball no local data for emoji-regex@https://registry.npmjs.org/emoji-regex/-/emoji-regex-8.0.0.tgz. Extracting by manifest.
1348 silly tarball no local data for is-fullwidth-code-point@https://registry.npmjs.org/is-fullwidth-code-point/-/is-fullwidth-code-point-4.0.0.tgz. Extracting by manifest.
1349 silly tarball no local data for ansi-regex@https://registry.npmjs.org/ansi-regex/-/ansi-regex-6.2.2.tgz. Extracting by manifest.
1350 silly tarball no local data for shebang-regex@https://registry.npmjs.org/shebang-regex/-/shebang-regex-3.0.0.tgz. Extracting by manifest.
1351 silly tarball no local data for detect-libc@https://registry.npmjs.org/detect-libc/-/detect-libc-2.1.2.tgz. Extracting by manifest.
1352 silly tarball no local data for semver@https://registry.npmjs.org/semver/-/semver-7.7.4.tgz. Extracting by manifest.
1353 silly tarball no local data for @img/sharp-libvips-darwin-arm64@https://registry.npmjs.org/@img/sharp-libvips-darwin-arm64/-/sharp-libvips-darwin-arm64-1.2.4.tgz. Extracting by manifest.
1354 silly tarball no local data for @img/colour@https://registry.npmjs.org/@img/colour/-/colour-1.1.0.tgz. Extracting by manifest.
1355 silly tarball no local data for @img/sharp-darwin-arm64@https://registry.npmjs.org/@img/sharp-darwin-arm64/-/sharp-darwin-arm64-0.34.5.tgz. Extracting by manifest.
1356 silly tarball no local data for lru-cache@https://registry.npmjs.org/lru-cache/-/lru-cache-10.4.3.tgz. Extracting by manifest.
1357 silly tarball no local data for onetime@https://registry.npmjs.org/onetime/-/onetime-7.0.0.tgz. Extracting by manifest.
1358 silly tarball no local data for yocto-queue@https://registry.npmjs.org/yocto-queue/-/yocto-queue-1.2.2.tgz. Extracting by manifest.
1359 silly tarball no local data for sisteransi@https://registry.npmjs.org/sisteransi/-/sisteransi-1.0.5.tgz. Extracting by manifest.
1360 silly tarball no local data for web-streams-polyfill@https://registry.npmjs.org/web-streams-polyfill/-/web-streams-polyfill-3.3.3.tgz. Extracting by manifest.
1361 silly tarball no local data for node-domexception@https://registry.npmjs.org/node-domexception/-/node-domexception-1.0.0.tgz. Extracting by manifest.
1362 silly tarball no local data for formdata-polyfill@https://registry.npmjs.org/formdata-polyfill/-/formdata-polyfill-4.0.10.tgz. Extracting by manifest.
1363 silly tarball no local data for data-uri-to-buffer@https://registry.npmjs.org/data-uri-to-buffer/-/data-uri-to-buffer-4.0.1.tgz. Extracting by manifest.
1364 silly tarball no local data for fetch-blob@https://registry.npmjs.org/fetch-blob/-/fetch-blob-3.2.0.tgz. Extracting by manifest.
1365 silly tarball no local data for uniq@https://registry.npmjs.org/uniq/-/uniq-1.0.1.tgz. Extracting by manifest.
1366 silly tarball no local data for ndarray-ops@https://registry.npmjs.org/ndarray-ops/-/ndarray-ops-1.2.2.tgz. Extracting by manifest.
1367 silly tarball no local data for @types/ndarray@https://registry.npmjs.org/@types/ndarray/-/ndarray-1.0.14.tgz. Extracting by manifest.
1368 silly tarball no local data for iota-array@https://registry.npmjs.org/iota-array/-/iota-array-1.0.0.tgz. Extracting by manifest.
1369 silly tarball no local data for is-buffer@https://registry.npmjs.org/is-buffer/-/is-buffer-1.1.6.tgz. Extracting by manifest.
1370 silly tarball no local data for balanced-match@https://registry.npmjs.org/balanced-match/-/balanced-match-1.0.2.tgz. Extracting by manifest.
1371 silly tarball no local data for cwise-compiler@https://registry.npmjs.org/cwise-compiler/-/cwise-compiler-1.1.3.tgz. Extracting by manifest.
1372 silly tarball no local data for brace-expansion@https://registry.npmjs.org/brace-expansion/-/brace-expansion-2.1.0.tgz. Extracting by manifest.
1373 silly tarball no local data for to-regex-range@https://registry.npmjs.org/to-regex-range/-/to-regex-range-5.0.1.tgz. Extracting by manifest.
1374 silly tarball no local data for mime-db@https://registry.npmjs.org/mime-db/-/mime-db-1.52.0.tgz. Extracting by manifest.
1375 silly tarball no local data for picomatch@https://registry.npmjs.org/picomatch/-/picomatch-2.3.2.tgz. Extracting by manifest.
1376 silly tarball no local data for braces@https://registry.npmjs.org/braces/-/braces-3.0.3.tgz. Extracting by manifest.
1377 silly tarball no local data for restore-cursor@https://registry.npmjs.org/restore-cursor/-/restore-cursor-5.1.0.tgz. Extracting by manifest.
1378 silly tarball no local data for environment@https://registry.npmjs.org/environment/-/environment-1.1.0.tgz. Extracting by manifest.
1379 silly tarball no local data for cli-cursor@https://registry.npmjs.org/cli-cursor/-/cli-cursor-5.0.0.tgz. Extracting by manifest.
1380 silly tarball no local data for ansi-escapes@https://registry.npmjs.org/ansi-escapes/-/ansi-escapes-7.3.0.tgz. Extracting by manifest.
1381 silly tarball no local data for fill-range@https://registry.npmjs.org/fill-range/-/fill-range-7.1.1.tgz. Extracting by manifest.
1382 silly tarball no local data for rfdc@https://registry.npmjs.org/rfdc/-/rfdc-1.4.1.tgz. Extracting by manifest.
1383 silly tarball no local data for slice-ansi@https://registry.npmjs.org/slice-ansi/-/slice-ansi-5.0.0.tgz. Extracting by manifest.
1384 silly tarball no local data for log-update@https://registry.npmjs.org/log-update/-/log-update-6.1.0.tgz. Extracting by manifest.
1385 silly tarball no local data for colorette@https://registry.npmjs.org/colorette/-/colorette-2.0.20.tgz. Extracting by manifest.
1386 silly tarball no local data for language-subtag-registry@https://registry.npmjs.org/language-subtag-registry/-/language-subtag-registry-0.3.23.tgz. Extracting by manifest.
1387 silly tarball no local data for cli-truncate@https://registry.npmjs.org/cli-truncate/-/cli-truncate-4.0.0.tgz. Extracting by manifest.
1388 silly tarball no local data for eventemitter3@https://registry.npmjs.org/eventemitter3/-/eventemitter3-5.0.4.tgz. Extracting by manifest.
1389 silly tarball no local data for wrap-ansi-cjs@https://registry.npmjs.org/wrap-ansi/-/wrap-ansi-7.0.0.tgz. Extracting by manifest.
1390 silly tarball no local data for strip-ansi@https://registry.npmjs.org/strip-ansi/-/strip-ansi-7.2.0.tgz. Extracting by manifest.
1391 silly tarball no local data for strip-ansi-cjs@https://registry.npmjs.org/strip-ansi/-/strip-ansi-6.0.1.tgz. Extracting by manifest.
1392 silly tarball no local data for @pkgjs/parseargs@https://registry.npmjs.org/@pkgjs/parseargs/-/parseargs-0.11.0.tgz. Extracting by manifest.
1393 silly tarball no local data for @isaacs/cliui@https://registry.npmjs.org/@isaacs/cliui/-/cliui-8.0.2.tgz. Extracting by manifest.
1394 silly tarball no local data for which@https://registry.npmjs.org/which/-/which-2.0.2.tgz. Extracting by manifest.
1395 silly tarball no local data for string-width-cjs@https://registry.npmjs.org/string-width/-/string-width-4.2.3.tgz. Extracting by manifest.
1396 silly tarball no local data for signal-exit@https://registry.npmjs.org/signal-exit/-/signal-exit-4.1.0.tgz. Extracting by manifest.
1397 silly tarball no local data for path-key@https://registry.npmjs.org/path-key/-/path-key-3.1.1.tgz. Extracting by manifest.
1398 silly tarball no local data for shebang-command@https://registry.npmjs.org/shebang-command/-/shebang-command-2.0.0.tgz. Extracting by manifest.
1399 silly tarball no local data for package-json-from-dist@https://registry.npmjs.org/package-json-from-dist/-/package-json-from-dist-1.0.1.tgz. Extracting by manifest.
1400 silly tarball no local data for path-scurry@https://registry.npmjs.org/path-scurry/-/path-scurry-1.11.1.tgz. Extracting by manifest.
1401 silly tarball no local data for minipass@https://registry.npmjs.org/minipass/-/minipass-7.1.3.tgz. Extracting by manifest.
1402 silly tarball no local data for cross-spawn@https://registry.npmjs.org/cross-spawn/-/cross-spawn-7.0.6.tgz. Extracting by manifest.
1403 silly tarball no local data for jackspeak@https://registry.npmjs.org/jackspeak/-/jackspeak-3.4.3.tgz. Extracting by manifest.
1404 silly tarball no local data for minimatch@https://registry.npmjs.org/minimatch/-/minimatch-9.0.9.tgz. Extracting by manifest.
1405 silly tarball no local data for foreground-child@https://registry.npmjs.org/foreground-child/-/foreground-child-3.3.1.tgz. Extracting by manifest.
1406 silly tarball no local data for dunder-proto@https://registry.npmjs.org/dunder-proto/-/dunder-proto-1.0.1.tgz. Extracting by manifest.
1407 silly tarball no local data for has-symbols@https://registry.npmjs.org/has-symbols/-/has-symbols-1.1.0.tgz. Extracting by manifest.
1408 silly tarball no local data for gopd@https://registry.npmjs.org/gopd/-/gopd-1.2.0.tgz. Extracting by manifest.
1409 silly tarball no local data for math-intrinsics@https://registry.npmjs.org/math-intrinsics/-/math-intrinsics-1.1.0.tgz. Extracting by manifest.
1410 silly tarball no local data for function-bind@https://registry.npmjs.org/function-bind/-/function-bind-1.1.2.tgz. Extracting by manifest.
1411 silly tarball no local data for es-object-atoms@https://registry.npmjs.org/es-object-atoms/-/es-object-atoms-1.1.1.tgz. Extracting by manifest.
1412 silly tarball no local data for es-define-property@https://registry.npmjs.org/es-define-property/-/es-define-property-1.0.1.tgz. Extracting by manifest.
1413 silly tarball no local data for call-bind-apply-helpers@https://registry.npmjs.org/call-bind-apply-helpers/-/call-bind-apply-helpers-1.0.2.tgz. Extracting by manifest.
1414 silly tarball no local data for has-tostringtag@https://registry.npmjs.org/has-tostringtag/-/has-tostringtag-1.0.2.tgz. Extracting by manifest.
1415 silly tarball no local data for get-intrinsic@https://registry.npmjs.org/get-intrinsic/-/get-intrinsic-1.3.0.tgz. Extracting by manifest.
1416 silly tarball no local data for get-proto@https://registry.npmjs.org/get-proto/-/get-proto-1.0.1.tgz. Extracting by manifest.
1417 silly tarball no local data for es-errors@https://registry.npmjs.org/es-errors/-/es-errors-1.3.0.tgz. Extracting by manifest.
1418 silly tarball no local data for delayed-stream@https://registry.npmjs.org/delayed-stream/-/delayed-stream-1.0.0.tgz. Extracting by manifest.
1419 silly tarball no local data for mime-types@https://registry.npmjs.org/mime-types/-/mime-types-2.1.35.tgz. Extracting by manifest.
1420 silly tarball no local data for hasown@https://registry.npmjs.org/hasown/-/hasown-2.0.3.tgz. Extracting by manifest.
1421 silly tarball no local data for asynckit@https://registry.npmjs.org/asynckit/-/asynckit-0.4.0.tgz. Extracting by manifest.
1422 silly tarball no local data for combined-stream@https://registry.npmjs.org/combined-stream/-/combined-stream-1.0.8.tgz. Extracting by manifest.
1423 silly tarball no local data for es-set-tostringtag@https://registry.npmjs.org/es-set-tostringtag/-/es-set-tostringtag-2.1.0.tgz. Extracting by manifest.
1424 silly tarball no local data for string-width@https://registry.npmjs.org/string-width/-/string-width-4.2.3.tgz. Extracting by manifest.
1425 silly tarball no local data for @colors/colors@https://registry.npmjs.org/@colors/colors/-/colors-1.5.0.tgz. Extracting by manifest.
1426 silly tarball no local data for color-convert@https://registry.npmjs.org/color-convert/-/color-convert-2.0.1.tgz. Extracting by manifest.
1427 silly tarball no local data for color-name@https://registry.npmjs.org/color-name/-/color-name-1.1.4.tgz. Extracting by manifest.
1428 silly tarball no local data for supports-color@https://registry.npmjs.org/supports-color/-/supports-color-7.2.0.tgz. Extracting by manifest.
1429 silly tarball no local data for ansi-styles@https://registry.npmjs.org/ansi-styles/-/ansi-styles-4.3.0.tgz. Extracting by manifest.
1430 silly tarball no local data for kleur@https://registry.npmjs.org/kleur/-/kleur-3.0.3.tgz. Extracting by manifest.
1431 silly tarball no local data for @types/braces@https://registry.npmjs.org/@types/braces/-/braces-3.0.5.tgz. Extracting by manifest.
1432 silly tarball no local data for @types/minimatch@https://registry.npmjs.org/@types/minimatch/-/minimatch-5.1.2.tgz. Extracting by manifest.
1433 silly tarball no local data for ndarray-pixels@https://registry.npmjs.org/ndarray-pixels/-/ndarray-pixels-5.0.1.tgz. Extracting by manifest.
1434 silly tarball no local data for form-data@https://registry.npmjs.org/form-data/-/form-data-4.0.5.tgz. Extracting by manifest.
1435 silly tarball no local data for ndarray-lanczos@https://registry.npmjs.org/ndarray-lanczos/-/ndarray-lanczos-0.3.0.tgz. Extracting by manifest.
1436 silly tarball no local data for ndarray@https://registry.npmjs.org/ndarray/-/ndarray-1.0.19.tgz. Extracting by manifest.
1437 silly tarball no local data for property-graph@https://registry.npmjs.org/property-graph/-/property-graph-4.1.0.tgz. Extracting by manifest.
1438 silly tarball no local data for lodash@https://registry.npmjs.org/lodash/-/lodash-4.18.1.tgz. Extracting by manifest.
1439 silly tarball no local data for winston@https://registry.npmjs.org/winston/-/winston-3.10.0.tgz. Extracting by manifest.
1440 silly tarball no local data for glob@https://registry.npmjs.org/glob/-/glob-10.5.0.tgz. Extracting by manifest.
1441 silly tarball no local data for chalk@https://registry.npmjs.org/chalk/-/chalk-3.0.0.tgz. Extracting by manifest.
1442 silly tarball no local data for wrap-ansi@https://registry.npmjs.org/wrap-ansi/-/wrap-ansi-8.1.0.tgz. Extracting by manifest.
1443 silly tarball no local data for @types/wrap-ansi@https://registry.npmjs.org/@types/wrap-ansi/-/wrap-ansi-8.0.2.tgz. Extracting by manifest.
1444 silly tarball no local data for @types/node@https://registry.npmjs.org/@types/node/-/node-20.5.6.tgz. Extracting by manifest.
1445 silly tarball no local data for table@https://registry.npmjs.org/table/-/table-5.4.6.tgz. Extracting by manifest.
1446 silly tarball no local data for @types/table@https://registry.npmjs.org/@types/table/-/table-5.0.0.tgz. Extracting by manifest.
1447 silly tarball no local data for watlas@https://registry.npmjs.org/watlas/-/watlas-1.0.1.tgz. Extracting by manifest.
1448 silly tarball no local data for @types/glob@https://registry.npmjs.org/@types/glob/-/glob-8.1.0.tgz. Extracting by manifest.
1449 silly tarball no local data for sharp@https://registry.npmjs.org/sharp/-/sharp-0.34.5.tgz. Extracting by manifest.
1450 silly tarball no local data for tmp@https://registry.npmjs.org/tmp/-/tmp-0.2.5.tgz. Extracting by manifest.
1451 silly tarball no local data for prompts@https://registry.npmjs.org/prompts/-/prompts-2.4.2.tgz. Extracting by manifest.
1452 silly tarball no local data for @types/lodash@https://registry.npmjs.org/@types/lodash/-/lodash-4.17.24.tgz. Extracting by manifest.
1453 silly tarball no local data for p-limit@https://registry.npmjs.org/p-limit/-/p-limit-6.2.0.tgz. Extracting by manifest.
1454 silly tarball no local data for node-fetch@https://registry.npmjs.org/node-fetch/-/node-fetch-3.3.2.tgz. Extracting by manifest.
1455 silly tarball no local data for micromatch@https://registry.npmjs.org/micromatch/-/micromatch-4.0.8.tgz. Extracting by manifest.
1456 silly tarball no local data for meshoptimizer@https://registry.npmjs.org/meshoptimizer/-/meshoptimizer-1.0.1.tgz. Extracting by manifest.
1457 silly tarball no local data for listr2@https://registry.npmjs.org/listr2/-/listr2-8.3.3.tgz. Extracting by manifest.
1458 silly tarball no local data for ktx-parse@https://registry.npmjs.org/ktx-parse/-/ktx-parse-1.1.0.tgz. Extracting by manifest.
1459 silly tarball no local data for mikktspace@https://registry.npmjs.org/mikktspace/-/mikktspace-1.1.1.tgz. Extracting by manifest.
1460 silly tarball no local data for keyframe-resample@https://registry.npmjs.org/keyframe-resample/-/keyframe-resample-0.1.0.tgz. Extracting by manifest.
1461 silly tarball no local data for csv-stringify@https://registry.npmjs.org/csv-stringify/-/csv-stringify-6.5.2.tgz. Extracting by manifest.
1462 silly tarball no local data for language-tags@https://registry.npmjs.org/language-tags/-/language-tags-1.0.9.tgz. Extracting by manifest.
1463 silly tarball no local data for cli-table3@https://registry.npmjs.org/cli-table3/-/cli-table3-0.6.5.tgz. Extracting by manifest.
1464 silly tarball no local data for draco3dgltf@https://registry.npmjs.org/draco3dgltf/-/draco3dgltf-1.5.7.tgz. Extracting by manifest.
1465 silly tarball no local data for @types/micromatch@https://registry.npmjs.org/@types/micromatch/-/micromatch-4.0.10.tgz. Extracting by manifest.
1466 silly tarball no local data for @types/tmp@https://registry.npmjs.org/@types/tmp/-/tmp-0.2.6.tgz. Extracting by manifest.
1467 silly tarball no local data for @types/node-fetch@https://registry.npmjs.org/@types/node-fetch/-/node-fetch-2.6.13.tgz. Extracting by manifest.
1468 silly tarball no local data for @types/prompts@https://registry.npmjs.org/@types/prompts/-/prompts-2.4.9.tgz. Extracting by manifest.
1469 silly tarball no local data for @gltf-transform/functions@https://registry.npmjs.org/@gltf-transform/functions/-/functions-4.3.0.tgz. Extracting by manifest.
1470 silly tarball no local data for @gltf-transform/extensions@https://registry.npmjs.org/@gltf-transform/extensions/-/extensions-4.3.0.tgz. Extracting by manifest.
1471 silly tarball no local data for @types/language-tags@https://registry.npmjs.org/@types/language-tags/-/language-tags-1.0.4.tgz. Extracting by manifest.
1472 silly tarball no local data for @donmccurdy/caporal@https://registry.npmjs.org/@donmccurdy/caporal/-/caporal-0.0.10.tgz. Extracting by manifest.
1473 silly tarball no local data for @gltf-transform/cli@https://registry.npmjs.org/@gltf-transform/cli/-/cli-4.3.0.tgz. Extracting by manifest.
1474 silly tarball no local data for gltf-validator@https://registry.npmjs.org/gltf-validator/-/gltf-validator-2.0.0-dev.3.10.tgz. Extracting by manifest.
1475 silly tarball no local data for color-name@https://registry.npmjs.org/color-name/-/color-name-2.1.0.tgz. Extracting by manifest.
1476 silly tarball no local data for @gltf-transform/core@https://registry.npmjs.org/@gltf-transform/core/-/core-4.3.0.tgz. Extracting by manifest.
1477 silly tarball no local data for mimic-function@https://registry.npmjs.org/mimic-function/-/mimic-function-5.0.1.tgz. Extracting by manifest.
1478 silly tarball no local data for color-name@https://registry.npmjs.org/color-name/-/color-name-2.1.0.tgz. Extracting by manifest.
1479 silly tarball no local data for @colors/colors@https://registry.npmjs.org/@colors/colors/-/colors-1.6.0.tgz. Extracting by manifest.
1480 silly tarball no local data for string-width@https://registry.npmjs.org/string-width/-/string-width-7.2.0.tgz. Extracting by manifest.
1481 silly tarball no local data for emoji-regex@https://registry.npmjs.org/emoji-regex/-/emoji-regex-10.6.0.tgz. Extracting by manifest.
1482 silly tarball no local data for is-fullwidth-code-point@https://registry.npmjs.org/is-fullwidth-code-point/-/is-fullwidth-code-point-5.1.0.tgz. Extracting by manifest.
1483 silly tarball no local data for emoji-regex@https://registry.npmjs.org/emoji-regex/-/emoji-regex-10.6.0.tgz. Extracting by manifest.
1484 silly tarball no local data for string-width@https://registry.npmjs.org/string-width/-/string-width-7.2.0.tgz. Extracting by manifest.
1485 silly tarball no local data for ansi-regex@https://registry.npmjs.org/ansi-regex/-/ansi-regex-5.0.1.tgz. Extracting by manifest.
1486 silly tarball no local data for color-convert@https://registry.npmjs.org/color-convert/-/color-convert-3.1.3.tgz. Extracting by manifest.
1487 silly tarball no local data for slice-ansi@https://registry.npmjs.org/slice-ansi/-/slice-ansi-7.1.2.tgz. Extracting by manifest.
1488 silly tarball no local data for strip-ansi@https://registry.npmjs.org/strip-ansi/-/strip-ansi-6.0.1.tgz. Extracting by manifest.
1489 silly tarball no local data for ansi-regex@https://registry.npmjs.org/ansi-regex/-/ansi-regex-5.0.1.tgz. Extracting by manifest.
1490 silly tarball no local data for ansi-styles@https://registry.npmjs.org/ansi-styles/-/ansi-styles-6.2.3.tgz. Extracting by manifest.
1491 silly tarball no local data for ansi-regex@https://registry.npmjs.org/ansi-regex/-/ansi-regex-5.0.1.tgz. Extracting by manifest.
1492 silly tarball no local data for ansi-styles@https://registry.npmjs.org/ansi-styles/-/ansi-styles-6.2.3.tgz. Extracting by manifest.
1493 silly tarball no local data for strip-ansi@https://registry.npmjs.org/strip-ansi/-/strip-ansi-6.0.1.tgz. Extracting by manifest.
1494 silly tarball no local data for is-fullwidth-code-point@https://registry.npmjs.org/is-fullwidth-code-point/-/is-fullwidth-code-point-3.0.0.tgz. Extracting by manifest.
1495 silly tarball no local data for ansi-regex@https://registry.npmjs.org/ansi-regex/-/ansi-regex-5.0.1.tgz. Extracting by manifest.
1496 silly tarball no local data for string-width@https://registry.npmjs.org/string-width/-/string-width-5.1.2.tgz. Extracting by manifest.
1497 silly tarball no local data for is-fullwidth-code-point@https://registry.npmjs.org/is-fullwidth-code-point/-/is-fullwidth-code-point-3.0.0.tgz. Extracting by manifest.
1498 silly tarball no local data for emoji-regex@https://registry.npmjs.org/emoji-regex/-/emoji-regex-9.2.2.tgz. Extracting by manifest.
1499 silly tarball no local data for strip-ansi@https://registry.npmjs.org/strip-ansi/-/strip-ansi-6.0.1.tgz. Extracting by manifest.
1500 silly tarball no local data for emoji-regex@https://registry.npmjs.org/emoji-regex/-/emoji-regex-9.2.2.tgz. Extracting by manifest.
1501 silly tarball no local data for string-width@https://registry.npmjs.org/string-width/-/string-width-5.1.2.tgz. Extracting by manifest.
1502 silly tarball no local data for ansi-regex@https://registry.npmjs.org/ansi-regex/-/ansi-regex-4.1.1.tgz. Extracting by manifest.
1503 silly tarball no local data for ansi-styles@https://registry.npmjs.org/ansi-styles/-/ansi-styles-6.2.3.tgz. Extracting by manifest.
1504 silly tarball no local data for color-convert@https://registry.npmjs.org/color-convert/-/color-convert-1.9.3.tgz. Extracting by manifest.
1505 silly tarball no local data for ansi-styles@https://registry.npmjs.org/ansi-styles/-/ansi-styles-3.2.1.tgz. Extracting by manifest.
1506 silly tarball no local data for color-name@https://registry.npmjs.org/color-name/-/color-name-1.1.3.tgz. Extracting by manifest.
1507 silly tarball no local data for emoji-regex@https://registry.npmjs.org/emoji-regex/-/emoji-regex-7.0.3.tgz. Extracting by manifest.
1508 silly tarball no local data for strip-ansi@https://registry.npmjs.org/strip-ansi/-/strip-ansi-5.2.0.tgz. Extracting by manifest.
1509 silly tarball no local data for string-width@https://registry.npmjs.org/string-width/-/string-width-3.1.0.tgz. Extracting by manifest.
1510 silly tarball no local data for slice-ansi@https://registry.npmjs.org/slice-ansi/-/slice-ansi-2.1.0.tgz. Extracting by manifest.
1511 silly tarball no local data for string-width@https://registry.npmjs.org/string-width/-/string-width-7.2.0.tgz. Extracting by manifest.
1512 silly tarball no local data for is-fullwidth-code-point@https://registry.npmjs.org/is-fullwidth-code-point/-/is-fullwidth-code-point-2.0.0.tgz. Extracting by manifest.
1513 silly tarball no local data for wrap-ansi@https://registry.npmjs.org/wrap-ansi/-/wrap-ansi-9.0.2.tgz. Extracting by manifest.
1514 silly tarball no local data for wrap-ansi@https://registry.npmjs.org/wrap-ansi/-/wrap-ansi-9.0.2.tgz. Extracting by manifest.
1515 silly tarball no local data for emoji-regex@https://registry.npmjs.org/emoji-regex/-/emoji-regex-10.6.0.tgz. Extracting by manifest.
1516 silly tarball no local data for ansi-styles@https://registry.npmjs.org/ansi-styles/-/ansi-styles-6.2.3.tgz. Extracting by manifest.
1517 http fetch GET 200 https://registry.npmjs.org/eastasianwidth/-/eastasianwidth-0.2.0.tgz 104ms (cache miss)
1518 http fetch GET 200 https://registry.npmjs.org/get-east-asian-width/-/get-east-asian-width-1.5.0.tgz 106ms (cache miss)
1519 http fetch GET 200 https://registry.npmjs.org/safe-buffer/-/safe-buffer-5.2.1.tgz 104ms (cache miss)
1520 http fetch GET 200 https://registry.npmjs.org/astral-regex/-/astral-regex-1.0.0.tgz 105ms (cache miss)
1521 http fetch GET 200 https://registry.npmjs.org/string_decoder/-/string_decoder-1.3.0.tgz 105ms (cache miss)
1522 http fetch GET 200 https://registry.npmjs.org/inherits/-/inherits-2.0.4.tgz 104ms (cache miss)
1523 http fetch GET 200 https://registry.npmjs.org/triple-beam/-/triple-beam-1.4.1.tgz 171ms (cache miss)
1524 http fetch GET 200 https://registry.npmjs.org/color/-/color-5.0.3.tgz 173ms (cache miss)
1525 http fetch GET 200 https://registry.npmjs.org/winston-transport/-/winston-transport-4.9.0.tgz 173ms (cache miss)
1526 http fetch GET 200 https://registry.npmjs.org/one-time/-/one-time-1.0.0.tgz 172ms (cache miss)
1527 http fetch GET 200 https://registry.npmjs.org/readable-stream/-/readable-stream-3.6.2.tgz 178ms (cache miss)
1528 http fetch GET 200 https://registry.npmjs.org/@so-ric/colorspace/-/colorspace-1.1.6.tgz 185ms (cache miss)
1529 http fetch POST 200 https://registry.npmjs.org/-/npm/v1/security/advisories/bulk 246ms
1530 silly audit report {}
1531 http fetch GET 200 https://registry.npmjs.org/is-stream/-/is-stream-2.0.1.tgz 226ms (cache miss)
1532 http fetch GET 200 https://registry.npmjs.org/stack-trace/-/stack-trace-0.0.10.tgz 249ms (cache miss)
1533 http fetch GET 200 https://registry.npmjs.org/text-hex/-/text-hex-1.0.0.tgz 254ms (cache miss)
1534 http fetch GET 200 https://registry.npmjs.org/ms/-/ms-2.1.3.tgz 256ms (cache miss)
1535 http fetch GET 200 https://registry.npmjs.org/enabled/-/enabled-2.0.0.tgz 256ms (cache miss)
1536 http fetch GET 200 https://registry.npmjs.org/safe-stable-stringify/-/safe-stable-stringify-2.5.0.tgz 256ms (cache miss)
1537 http fetch GET 200 https://registry.npmjs.org/util-deprecate/-/util-deprecate-1.0.2.tgz 259ms (cache miss)
1538 http fetch GET 200 https://registry.npmjs.org/fn.name/-/fn.name-1.1.0.tgz 260ms (cache miss)
1539 http fetch GET 200 https://registry.npmjs.org/@types/triple-beam/-/triple-beam-1.3.5.tgz 261ms (cache miss)
1540 http fetch GET 200 https://registry.npmjs.org/color-string/-/color-string-2.1.4.tgz 261ms (cache miss)
1541 http fetch GET 200 https://registry.npmjs.org/punycode/-/punycode-2.3.1.tgz 265ms (cache miss)
1542 http fetch GET 200 https://registry.npmjs.org/fecha/-/fecha-4.2.3.tgz 272ms (cache miss)
1543 http fetch GET 200 https://registry.npmjs.org/logform/-/logform-2.7.0.tgz 272ms (cache miss)
1544 http fetch GET 200 https://registry.npmjs.org/@dabh/diagnostics/-/diagnostics-2.0.8.tgz 284ms (cache miss)
1545 http fetch GET 200 https://registry.npmjs.org/is-number/-/is-number-7.0.0.tgz 295ms (cache miss)
1546 http fetch GET 200 https://registry.npmjs.org/kuler/-/kuler-2.0.0.tgz 302ms (cache miss)
1547 http fetch GET 200 https://registry.npmjs.org/isexe/-/isexe-2.0.0.tgz 311ms (cache miss)
1548 http fetch GET 200 https://registry.npmjs.org/json-schema-traverse/-/json-schema-traverse-0.4.1.tgz 312ms (cache miss)
1549 http fetch GET 200 https://registry.npmjs.org/fast-deep-equal/-/fast-deep-equal-3.1.3.tgz 315ms (cache miss)
1550 http fetch GET 200 https://registry.npmjs.org/emoji-regex/-/emoji-regex-8.0.0.tgz 318ms (cache miss)
1551 http fetch GET 200 https://registry.npmjs.org/ansi-regex/-/ansi-regex-6.2.2.tgz 318ms (cache miss)
1552 http fetch GET 200 https://registry.npmjs.org/has-flag/-/has-flag-4.0.0.tgz 320ms (cache miss)
1553 http fetch GET 200 https://registry.npmjs.org/is-fullwidth-code-point/-/is-fullwidth-code-point-4.0.0.tgz 320ms (cache miss)
1554 http fetch GET 200 https://registry.npmjs.org/shebang-regex/-/shebang-regex-3.0.0.tgz 324ms (cache miss)
1555 http fetch GET 200 https://registry.npmjs.org/fast-json-stable-stringify/-/fast-json-stable-stringify-2.1.0.tgz 325ms (cache miss)
1556 http fetch GET 200 https://registry.npmjs.org/async/-/async-3.2.6.tgz 351ms (cache miss)
1557 http fetch GET 200 https://registry.npmjs.org/detect-libc/-/detect-libc-2.1.2.tgz 370ms (cache miss)
1558 http fetch GET 200 https://registry.npmjs.org/onetime/-/onetime-7.0.0.tgz 384ms (cache miss)
1559 http fetch GET 200 https://registry.npmjs.org/sisteransi/-/sisteransi-1.0.5.tgz 386ms (cache miss)
1560 http fetch GET 200 https://registry.npmjs.org/formdata-polyfill/-/formdata-polyfill-4.0.10.tgz 390ms (cache miss)
1561 http fetch GET 200 https://registry.npmjs.org/node-domexception/-/node-domexception-1.0.0.tgz 399ms (cache miss)
1562 http fetch GET 200 https://registry.npmjs.org/yocto-queue/-/yocto-queue-1.2.2.tgz 399ms (cache miss)
1563 http fetch GET 200 https://registry.npmjs.org/semver/-/semver-7.7.4.tgz 405ms (cache miss)
1564 http fetch GET 200 https://registry.npmjs.org/data-uri-to-buffer/-/data-uri-to-buffer-4.0.1.tgz 404ms (cache miss)
1565 http fetch GET 200 https://registry.npmjs.org/uri-js/-/uri-js-4.4.1.tgz 407ms (cache miss)
1566 http fetch GET 200 https://registry.npmjs.org/@img/colour/-/colour-1.1.0.tgz 407ms (cache miss)
1567 warn deprecated node-domexception@1.0.0: Use your platform's native DOMException instead
1568 http fetch GET 200 https://registry.npmjs.org/lru-cache/-/lru-cache-10.4.3.tgz 426ms (cache miss)
1569 http fetch GET 200 https://registry.npmjs.org/uniq/-/uniq-1.0.1.tgz 485ms (cache miss)
1570 http fetch GET 200 https://registry.npmjs.org/fetch-blob/-/fetch-blob-3.2.0.tgz 492ms (cache miss)
1571 http fetch GET 200 https://registry.npmjs.org/ndarray-ops/-/ndarray-ops-1.2.2.tgz 492ms (cache miss)
1572 http fetch GET 200 https://registry.npmjs.org/iota-array/-/iota-array-1.0.0.tgz 495ms (cache miss)
1573 http fetch GET 200 https://registry.npmjs.org/brace-expansion/-/brace-expansion-2.1.0.tgz 500ms (cache miss)
1574 http fetch GET 200 https://registry.npmjs.org/balanced-match/-/balanced-match-1.0.2.tgz 501ms (cache miss)
1575 http fetch GET 200 https://registry.npmjs.org/to-regex-range/-/to-regex-range-5.0.1.tgz 501ms (cache miss)
1576 http fetch GET 200 https://registry.npmjs.org/is-buffer/-/is-buffer-1.1.6.tgz 502ms (cache miss)
1577 http fetch GET 200 https://registry.npmjs.org/cwise-compiler/-/cwise-compiler-1.1.3.tgz 506ms (cache miss)
1578 http fetch GET 200 https://registry.npmjs.org/mime-db/-/mime-db-1.52.0.tgz 508ms (cache miss)
1579 http fetch GET 200 https://registry.npmjs.org/ajv/-/ajv-6.15.0.tgz 520ms (cache miss)
1580 http fetch GET 200 https://registry.npmjs.org/@img/sharp-darwin-arm64/-/sharp-darwin-arm64-0.34.5.tgz 534ms (cache miss)
1581 http fetch GET 200 https://registry.npmjs.org/slice-ansi/-/slice-ansi-5.0.0.tgz 602ms (cache miss)
1582 http fetch GET 200 https://registry.npmjs.org/log-update/-/log-update-6.1.0.tgz 601ms (cache miss)
1583 http fetch GET 200 https://registry.npmjs.org/rfdc/-/rfdc-1.4.1.tgz 603ms (cache miss)
1584 http fetch GET 200 https://registry.npmjs.org/ansi-escapes/-/ansi-escapes-7.3.0.tgz 604ms (cache miss)
1585 http fetch GET 200 https://registry.npmjs.org/environment/-/environment-1.1.0.tgz 607ms (cache miss)
1586 http fetch GET 200 https://registry.npmjs.org/colorette/-/colorette-2.0.20.tgz 606ms (cache miss)
1587 http fetch GET 200 https://registry.npmjs.org/restore-cursor/-/restore-cursor-5.1.0.tgz 607ms (cache miss)
1588 http fetch GET 200 https://registry.npmjs.org/fill-range/-/fill-range-7.1.1.tgz 607ms (cache miss)
1589 http fetch GET 200 https://registry.npmjs.org/cli-cursor/-/cli-cursor-5.0.0.tgz 608ms (cache miss)
1590 http fetch GET 200 https://registry.npmjs.org/braces/-/braces-3.0.3.tgz 612ms (cache miss)
1591 http fetch GET 200 https://registry.npmjs.org/picomatch/-/picomatch-2.3.2.tgz 612ms (cache miss)
1592 http fetch GET 200 https://registry.npmjs.org/@types/ndarray/-/ndarray-1.0.14.tgz 623ms (cache miss)
1593 http fetch GET 200 https://registry.npmjs.org/cli-truncate/-/cli-truncate-4.0.0.tgz 679ms (cache miss)
1594 http fetch GET 200 https://registry.npmjs.org/eventemitter3/-/eventemitter3-5.0.4.tgz 685ms (cache miss)
1595 http fetch GET 200 https://registry.npmjs.org/strip-ansi/-/strip-ansi-6.0.1.tgz 686ms (cache miss)
1596 http fetch GET 200 https://registry.npmjs.org/signal-exit/-/signal-exit-4.1.0.tgz 685ms (cache miss)
1597 http fetch GET 200 https://registry.npmjs.org/string-width/-/string-width-4.2.3.tgz 686ms (cache miss)
1598 http fetch GET 200 https://registry.npmjs.org/strip-ansi/-/strip-ansi-7.2.0.tgz 687ms (cache miss)
1599 http fetch GET 200 https://registry.npmjs.org/wrap-ansi/-/wrap-ansi-7.0.0.tgz 687ms (cache miss)
1600 http fetch GET 200 https://registry.npmjs.org/which/-/which-2.0.2.tgz 687ms (cache miss)
1601 http fetch GET 200 https://registry.npmjs.org/path-key/-/path-key-3.1.1.tgz 687ms (cache miss)
1602 http fetch GET 200 https://registry.npmjs.org/@isaacs/cliui/-/cliui-8.0.2.tgz 689ms (cache miss)
1603 http fetch GET 200 https://registry.npmjs.org/shebang-command/-/shebang-command-2.0.0.tgz 696ms (cache miss)
1604 http fetch GET 200 https://registry.npmjs.org/@pkgjs/parseargs/-/parseargs-0.11.0.tgz 697ms (cache miss)
1605 http fetch GET 200 https://registry.npmjs.org/package-json-from-dist/-/package-json-from-dist-1.0.1.tgz 706ms (cache miss)
1606 http fetch GET 200 https://registry.npmjs.org/language-subtag-registry/-/language-subtag-registry-0.3.23.tgz 712ms (cache miss)
1607 http fetch GET 200 https://registry.npmjs.org/dunder-proto/-/dunder-proto-1.0.1.tgz 762ms (cache miss)
1608 http fetch GET 200 https://registry.npmjs.org/gopd/-/gopd-1.2.0.tgz 773ms (cache miss)
1609 http fetch GET 200 https://registry.npmjs.org/has-symbols/-/has-symbols-1.1.0.tgz 782ms (cache miss)
1610 http fetch GET 200 https://registry.npmjs.org/function-bind/-/function-bind-1.1.2.tgz 782ms (cache miss)
1611 http fetch GET 200 https://registry.npmjs.org/call-bind-apply-helpers/-/call-bind-apply-helpers-1.0.2.tgz 785ms (cache miss)
1612 http fetch GET 200 https://registry.npmjs.org/cross-spawn/-/cross-spawn-7.0.6.tgz 788ms (cache miss)
1613 http fetch GET 200 https://registry.npmjs.org/es-object-atoms/-/es-object-atoms-1.1.1.tgz 786ms (cache miss)
1614 http fetch GET 200 https://registry.npmjs.org/es-define-property/-/es-define-property-1.0.1.tgz 786ms (cache miss)
1615 http fetch GET 200 https://registry.npmjs.org/minipass/-/minipass-7.1.3.tgz 790ms (cache miss)
1616 http fetch GET 200 https://registry.npmjs.org/math-intrinsics/-/math-intrinsics-1.1.0.tgz 792ms (cache miss)
1617 http fetch GET 200 https://registry.npmjs.org/has-tostringtag/-/has-tostringtag-1.0.2.tgz 802ms (cache miss)
1618 http fetch GET 200 https://registry.npmjs.org/get-intrinsic/-/get-intrinsic-1.3.0.tgz 805ms (cache miss)
1619 http fetch GET 200 https://registry.npmjs.org/delayed-stream/-/delayed-stream-1.0.0.tgz 806ms (cache miss)
1620 http fetch GET 200 https://registry.npmjs.org/get-proto/-/get-proto-1.0.1.tgz 808ms (cache miss)
1621 http fetch GET 200 https://registry.npmjs.org/hasown/-/hasown-2.0.3.tgz 811ms (cache miss)
1622 http fetch GET 200 https://registry.npmjs.org/jackspeak/-/jackspeak-3.4.3.tgz 817ms (cache miss)
1623 http fetch GET 200 https://registry.npmjs.org/es-errors/-/es-errors-1.3.0.tgz 813ms (cache miss)
1624 http fetch GET 200 https://registry.npmjs.org/asynckit/-/asynckit-0.4.0.tgz 814ms (cache miss)
1625 http fetch GET 200 https://registry.npmjs.org/path-scurry/-/path-scurry-1.11.1.tgz 819ms (cache miss)
1626 http fetch GET 200 https://registry.npmjs.org/foreground-child/-/foreground-child-3.3.1.tgz 825ms (cache miss)
1627 http fetch GET 200 https://registry.npmjs.org/string-width/-/string-width-4.2.3.tgz 823ms (cache miss)
1628 http fetch GET 200 https://registry.npmjs.org/combined-stream/-/combined-stream-1.0.8.tgz 824ms (cache miss)
1629 http fetch GET 200 https://registry.npmjs.org/color-convert/-/color-convert-2.0.1.tgz 848ms (cache miss)
1630 http fetch GET 200 https://registry.npmjs.org/es-set-tostringtag/-/es-set-tostringtag-2.1.0.tgz 864ms (cache miss)
1631 http fetch GET 200 https://registry.npmjs.org/supports-color/-/supports-color-7.2.0.tgz 875ms (cache miss)
1632 http fetch GET 200 https://registry.npmjs.org/mime-types/-/mime-types-2.1.35.tgz 877ms (cache miss)
1633 http fetch GET 200 https://registry.npmjs.org/color-name/-/color-name-1.1.4.tgz 879ms (cache miss)
1634 http fetch GET 200 https://registry.npmjs.org/ansi-styles/-/ansi-styles-4.3.0.tgz 883ms (cache miss)
1635 http fetch GET 200 https://registry.npmjs.org/kleur/-/kleur-3.0.3.tgz 890ms (cache miss)
1636 http fetch GET 200 https://registry.npmjs.org/form-data/-/form-data-4.0.5.tgz 891ms (cache miss)
1637 http fetch GET 200 https://registry.npmjs.org/minimatch/-/minimatch-9.0.9.tgz 899ms (cache miss)
1638 http fetch GET 200 https://registry.npmjs.org/@types/minimatch/-/minimatch-5.1.2.tgz 897ms (cache miss)
1639 http fetch GET 200 https://registry.npmjs.org/ndarray/-/ndarray-1.0.19.tgz 898ms (cache miss)
1640 http fetch GET 200 https://registry.npmjs.org/ndarray-lanczos/-/ndarray-lanczos-0.3.0.tgz 902ms (cache miss)
1641 http fetch GET 200 https://registry.npmjs.org/web-streams-polyfill/-/web-streams-polyfill-3.3.3.tgz 916ms (cache miss)
1642 http fetch GET 200 https://registry.npmjs.org/ndarray-pixels/-/ndarray-pixels-5.0.1.tgz 913ms (cache miss)
1643 http fetch GET 200 https://registry.npmjs.org/@colors/colors/-/colors-1.5.0.tgz 914ms (cache miss)
1644 http fetch GET 200 https://registry.npmjs.org/property-graph/-/property-graph-4.1.0.tgz 913ms (cache miss)
1645 http fetch GET 200 https://registry.npmjs.org/wrap-ansi/-/wrap-ansi-8.1.0.tgz 942ms (cache miss)
1646 http fetch GET 200 https://registry.npmjs.org/chalk/-/chalk-3.0.0.tgz 949ms (cache miss)
1647 http fetch GET 200 https://registry.npmjs.org/@types/glob/-/glob-8.1.0.tgz 966ms (cache miss)
1648 http fetch GET 200 https://registry.npmjs.org/tmp/-/tmp-0.2.5.tgz 970ms (cache miss)
1649 http fetch GET 200 https://registry.npmjs.org/watlas/-/watlas-1.0.1.tgz 997ms (cache miss)
1650 http fetch GET 200 https://registry.npmjs.org/p-limit/-/p-limit-6.2.0.tgz 1001ms (cache miss)
1651 http fetch GET 200 https://registry.npmjs.org/micromatch/-/micromatch-4.0.8.tgz 1014ms (cache miss)
1652 http fetch GET 200 https://registry.npmjs.org/sharp/-/sharp-0.34.5.tgz 1033ms (cache miss)
1653 http fetch GET 200 https://registry.npmjs.org/listr2/-/listr2-8.3.3.tgz 1053ms (cache miss)
1654 http fetch GET 200 https://registry.npmjs.org/winston/-/winston-3.10.0.tgz 1055ms (cache miss)
1655 http fetch GET 200 https://registry.npmjs.org/meshoptimizer/-/meshoptimizer-1.0.1.tgz 1062ms (cache miss)
1656 http fetch GET 200 https://registry.npmjs.org/@types/braces/-/braces-3.0.5.tgz 1090ms (cache miss)
1657 http fetch GET 200 https://registry.npmjs.org/language-tags/-/language-tags-1.0.9.tgz 1087ms (cache miss)
1658 http fetch GET 200 https://registry.npmjs.org/node-fetch/-/node-fetch-3.3.2.tgz 1094ms (cache miss)
1659 http fetch GET 200 https://registry.npmjs.org/cli-table3/-/cli-table3-0.6.5.tgz 1095ms (cache miss)
1660 http fetch GET 200 https://registry.npmjs.org/@types/node-fetch/-/node-fetch-2.6.13.tgz 1103ms (cache miss)
1661 http fetch GET 200 https://registry.npmjs.org/mikktspace/-/mikktspace-1.1.1.tgz 1109ms (cache miss)
1662 http fetch GET 200 https://registry.npmjs.org/table/-/table-5.4.6.tgz 1117ms (cache miss)
1663 http fetch GET 200 https://registry.npmjs.org/@types/wrap-ansi/-/wrap-ansi-8.0.2.tgz 1120ms (cache miss)
1664 http fetch GET 200 https://registry.npmjs.org/keyframe-resample/-/keyframe-resample-0.1.0.tgz 1121ms (cache miss)
1665 http fetch GET 200 https://registry.npmjs.org/ktx-parse/-/ktx-parse-1.1.0.tgz 1135ms (cache miss)
1666 http fetch GET 200 https://registry.npmjs.org/@img/sharp-libvips-darwin-arm64/-/sharp-libvips-darwin-arm64-1.2.4.tgz 1176ms (cache miss)
1667 http fetch GET 200 https://registry.npmjs.org/@types/tmp/-/tmp-0.2.6.tgz 1163ms (cache miss)
1668 http fetch GET 200 https://registry.npmjs.org/color-name/-/color-name-2.1.0.tgz 1178ms (cache miss)
1669 http fetch GET 200 https://registry.npmjs.org/gltf-validator/-/gltf-validator-2.0.0-dev.3.10.tgz 1185ms (cache miss)
1670 http fetch GET 200 https://registry.npmjs.org/glob/-/glob-10.5.0.tgz 1194ms (cache miss)
1671 warn deprecated glob@10.5.0: Old versions of glob are not supported, and contain widely publicized security vulnerabilities, which have been fixed in the current version. Please update. Support for old versions may be purchased (at exorbitant rates) by contacting i@izs.me
1672 http fetch GET 200 https://registry.npmjs.org/draco3dgltf/-/draco3dgltf-1.5.7.tgz 1193ms (cache miss)
1673 http fetch GET 200 https://registry.npmjs.org/mimic-function/-/mimic-function-5.0.1.tgz 1193ms (cache miss)
1674 http fetch GET 200 https://registry.npmjs.org/csv-stringify/-/csv-stringify-6.5.2.tgz 1195ms (cache miss)
1675 http fetch GET 200 https://registry.npmjs.org/prompts/-/prompts-2.4.2.tgz 1204ms (cache miss)
1676 http fetch GET 200 https://registry.npmjs.org/color-name/-/color-name-2.1.0.tgz 1204ms (cache miss)
1677 http fetch GET 200 https://registry.npmjs.org/string-width/-/string-width-7.2.0.tgz 1209ms (cache miss)
1678 http fetch GET 200 https://registry.npmjs.org/emoji-regex/-/emoji-regex-10.6.0.tgz 1241ms (cache miss)
1679 http fetch GET 200 https://registry.npmjs.org/@colors/colors/-/colors-1.6.0.tgz 1248ms (cache miss)
1680 http fetch GET 200 https://registry.npmjs.org/is-fullwidth-code-point/-/is-fullwidth-code-point-5.1.0.tgz 1277ms (cache miss)
1681 http fetch GET 200 https://registry.npmjs.org/string-width/-/string-width-7.2.0.tgz 1278ms (cache miss)
1682 http fetch GET 200 https://registry.npmjs.org/emoji-regex/-/emoji-regex-10.6.0.tgz 1278ms (cache miss)
1683 http fetch GET 200 https://registry.npmjs.org/@types/micromatch/-/micromatch-4.0.10.tgz 1280ms (cache miss)
1684 http fetch GET 200 https://registry.npmjs.org/ansi-regex/-/ansi-regex-5.0.1.tgz 1293ms (cache miss)
1685 http fetch GET 200 https://registry.npmjs.org/@types/prompts/-/prompts-2.4.9.tgz 1308ms (cache miss)
1686 http fetch GET 200 https://registry.npmjs.org/color-convert/-/color-convert-3.1.3.tgz 1306ms (cache miss)
1687 http fetch GET 200 https://registry.npmjs.org/@types/language-tags/-/language-tags-1.0.4.tgz 1308ms (cache miss)
1688 http fetch GET 200 https://registry.npmjs.org/slice-ansi/-/slice-ansi-7.1.2.tgz 1320ms (cache miss)
1689 http fetch GET 200 https://registry.npmjs.org/strip-ansi/-/strip-ansi-6.0.1.tgz 1340ms (cache miss)
1690 http fetch GET 200 https://registry.npmjs.org/ansi-regex/-/ansi-regex-5.0.1.tgz 1342ms (cache miss)
1691 http fetch GET 200 https://registry.npmjs.org/ansi-regex/-/ansi-regex-5.0.1.tgz 1342ms (cache miss)
1692 http fetch GET 200 https://registry.npmjs.org/ansi-styles/-/ansi-styles-6.2.3.tgz 1357ms (cache miss)
1693 http fetch GET 200 https://registry.npmjs.org/strip-ansi/-/strip-ansi-6.0.1.tgz 1366ms (cache miss)
1694 http fetch GET 200 https://registry.npmjs.org/ansi-regex/-/ansi-regex-5.0.1.tgz 1369ms (cache miss)
1695 http fetch GET 200 https://registry.npmjs.org/is-fullwidth-code-point/-/is-fullwidth-code-point-3.0.0.tgz 1369ms (cache miss)
1696 http fetch GET 200 https://registry.npmjs.org/ansi-styles/-/ansi-styles-6.2.3.tgz 1372ms (cache miss)
1697 http fetch GET 200 https://registry.npmjs.org/string-width/-/string-width-5.1.2.tgz 1391ms (cache miss)
1698 http fetch GET 200 https://registry.npmjs.org/is-fullwidth-code-point/-/is-fullwidth-code-point-3.0.0.tgz 1393ms (cache miss)
1699 http fetch GET 200 https://registry.npmjs.org/strip-ansi/-/strip-ansi-6.0.1.tgz 1399ms (cache miss)
1700 http fetch GET 200 https://registry.npmjs.org/emoji-regex/-/emoji-regex-9.2.2.tgz 1400ms (cache miss)
1701 http fetch GET 200 https://registry.npmjs.org/@gltf-transform/cli/-/cli-4.3.0.tgz 1407ms (cache miss)
1702 http fetch GET 200 https://registry.npmjs.org/emoji-regex/-/emoji-regex-9.2.2.tgz 1413ms (cache miss)
1703 http fetch GET 200 https://registry.npmjs.org/string-width/-/string-width-5.1.2.tgz 1413ms (cache miss)
1704 http fetch GET 200 https://registry.npmjs.org/ansi-regex/-/ansi-regex-4.1.1.tgz 1414ms (cache miss)
1705 http fetch GET 200 https://registry.npmjs.org/@types/node/-/node-20.5.6.tgz 1420ms (cache miss)
1706 http fetch GET 200 https://registry.npmjs.org/ansi-styles/-/ansi-styles-6.2.3.tgz 1425ms (cache miss)
1707 http fetch GET 200 https://registry.npmjs.org/ansi-styles/-/ansi-styles-3.2.1.tgz 1430ms (cache miss)
1708 http fetch GET 200 https://registry.npmjs.org/color-name/-/color-name-1.1.3.tgz 1450ms (cache miss)
1709 http fetch GET 200 https://registry.npmjs.org/emoji-regex/-/emoji-regex-7.0.3.tgz 1454ms (cache miss)
1710 http fetch GET 200 https://registry.npmjs.org/strip-ansi/-/strip-ansi-5.2.0.tgz 1454ms (cache miss)
1711 http fetch GET 200 https://registry.npmjs.org/color-convert/-/color-convert-1.9.3.tgz 1456ms (cache miss)
1712 http fetch GET 200 https://registry.npmjs.org/string-width/-/string-width-3.1.0.tgz 1470ms (cache miss)
1713 http fetch GET 200 https://registry.npmjs.org/string-width/-/string-width-7.2.0.tgz 1471ms (cache miss)
1714 http fetch GET 200 https://registry.npmjs.org/slice-ansi/-/slice-ansi-2.1.0.tgz 1473ms (cache miss)
1715 http fetch GET 200 https://registry.npmjs.org/is-fullwidth-code-point/-/is-fullwidth-code-point-2.0.0.tgz 1481ms (cache miss)
1716 http fetch GET 200 https://registry.npmjs.org/wrap-ansi/-/wrap-ansi-9.0.2.tgz 1482ms (cache miss)
1717 http fetch GET 200 https://registry.npmjs.org/wrap-ansi/-/wrap-ansi-9.0.2.tgz 1479ms (cache miss)
1718 http fetch GET 200 https://registry.npmjs.org/emoji-regex/-/emoji-regex-10.6.0.tgz 1478ms (cache miss)
1719 http fetch GET 200 https://registry.npmjs.org/ansi-styles/-/ansi-styles-6.2.3.tgz 1482ms (cache miss)
1720 http fetch GET 200 https://registry.npmjs.org/@types/table/-/table-5.0.0.tgz 1501ms (cache miss)
1721 http fetch GET 200 https://registry.npmjs.org/@donmccurdy/caporal/-/caporal-0.0.10.tgz 1501ms (cache miss)
1722 http fetch GET 200 https://registry.npmjs.org/@gltf-transform/functions/-/functions-4.3.0.tgz 1507ms (cache miss)
1723 http fetch GET 200 https://registry.npmjs.org/@gltf-transform/extensions/-/extensions-4.3.0.tgz 1565ms (cache miss)
1724 http fetch GET 200 https://registry.npmjs.org/@gltf-transform/core/-/core-4.3.0.tgz 1572ms (cache miss)
1725 http fetch GET 200 https://registry.npmjs.org/@types/lodash/-/lodash-4.17.24.tgz 1591ms (cache miss)
1726 http fetch GET 200 https://registry.npmjs.org/lodash/-/lodash-4.18.1.tgz 1598ms (cache miss)
1727 info run sharp@0.34.5 install node_modules/sharp node install/check.js || npm run build
1728 info run sharp@0.34.5 install { code: 0, signal: null }
1729 verbose cwd /Users/Holiday_1/Desktop/Growth/Marginalia
1730 verbose os Darwin 25.4.0
1731 verbose node v22.16.0
1732 verbose npm  v11.12.0
1733 verbose exit 0
1734 info ok
